experiments,stimulus,repetition,response,goodness,rt,subj
1,s1_t1_r2,1,ac,2,3.5398121,E1_BaeYJ
1,s1_t1_r2,2,ac,3,3.1396459,E1_BaeYJ
1,s1_t1_r2,3,ac,3,2.7917098,E1_BaeYJ
1,s10_t1_r2,1,ac,2,3.1115653,E1_BaeYJ
1,s10_t1_r2,2,ac,2,2.6094732,E1_BaeYJ
1,s10_t1_r2,3,ac,2,1.0780973,E1_BaeYJ
1,s2_t1_r2,1,ac,4,3.3792027,E1_BaeYJ
1,s2_t1_r2,2,ac,3,3.1444858,E1_BaeYJ
1,s2_t1_r2,3,ac,4,3.3991226,E1_BaeYJ
1,s3_t1_r2,1,ac,3,9.1008896,E1_BaeYJ
1,s3_t1_r2,2,ac,1,2.3690966,E1_BaeYJ
1,s3_t1_r2,3,ac,1,3.3529112,E1_BaeYJ
1,s4_t1_r2,1,ac,3,3.2347389,E1_BaeYJ
1,s4_t1_r2,2,ac,3,1.380171,E1_BaeYJ
1,s4_t1_r2,3,ac,3,1.2306547,E1_BaeYJ
1,s5_t1_r2,1,ac,2,4.9817834,E1_BaeYJ
1,s5_t1_r2,2,ac,2,1.5423914,E1_BaeYJ
1,s5_t1_r2,3,ac,2,2.0610253,E1_BaeYJ
1,s6_t1_r2,1,ac,1,4.3289904,E1_BaeYJ
1,s6_t1_r2,2,ac,2,3.4694788,E1_BaeYJ
1,s6_t1_r2,3,ac,1,2.4689976,E1_BaeYJ
1,s7_t1_r2,1,ac,2,2.8356332,E1_BaeYJ
1,s7_t1_r2,2,ac,1,2.7193353,E1_BaeYJ
1,s7_t1_r2,3,ac,2,2.55997,E1_BaeYJ
1,s8_t1_r2,1,ac,2,3.3756833,E1_BaeYJ
1,s8_t1_r2,2,ac,3,2.4102896,E1_BaeYJ
1,s8_t1_r2,3,ac,2,2.4261096,E1_BaeYJ
1,s9_t1_r2,1,ac,2,3.1435732,E1_BaeYJ
1,s9_t1_r2,2,ac,2,2.9082839,E1_BaeYJ
1,s9_t1_r2,3,ac,2,3.3337493,E1_BaeYJ
1,s1_t1_r2,1,comp,6,3.7760468,E1_BaeYJ
1,s1_t1_r2,2,comp,6,3.4988733,E1_BaeYJ
1,s1_t1_r2,3,comp,5,3.2788079,E1_BaeYJ
1,s10_t1_r2,1,comp,3,3.6881874,E1_BaeYJ
1,s10_t1_r2,2,comp,3,3.1376397,E1_BaeYJ
1,s10_t1_r2,3,comp,3,3.0791954,E1_BaeYJ
1,s2_t1_r2,1,comp,5,3.6239401,E1_BaeYJ
1,s2_t1_r2,2,comp,6,3.9918482,E1_BaeYJ
1,s2_t1_r2,3,comp,6,3.3191817,E1_BaeYJ
1,s3_t1_r2,1,comp,4,0.312112,E1_BaeYJ
1,s3_t1_r2,2,comp,3,2.8000256,E1_BaeYJ
1,s3_t1_r2,3,comp,2,3.2445971,E1_BaeYJ
1,s4_t1_r2,1,comp,4,0.0713525,E1_BaeYJ
1,s4_t1_r2,2,comp,4,3.2879999,E1_BaeYJ
1,s4_t1_r2,3,comp,3,3.8791906,E1_BaeYJ
1,s5_t1_r2,1,comp,3,10.1667407,E1_BaeYJ
1,s5_t1_r2,2,comp,3,3.9831434,E1_BaeYJ
1,s5_t1_r2,3,comp,3,5.0014808,E1_BaeYJ
1,s6_t1_r2,1,comp,2,16.9672964,E1_BaeYJ
1,s6_t1_r2,2,comp,2,3.8599142,E1_BaeYJ
1,s6_t1_r2,3,comp,2,3.6409067,E1_BaeYJ
1,s7_t1_r2,1,comp,4,7.3356654,E1_BaeYJ
1,s7_t1_r2,2,comp,3,2.9300908,E1_BaeYJ
1,s7_t1_r2,3,comp,2,2.840449,E1_BaeYJ
1,s8_t1_r2,1,comp,3,3.6393966,E1_BaeYJ
1,s8_t1_r2,2,comp,3,3.4474423,E1_BaeYJ
1,s8_t1_r2,3,comp,3,3.4239958,E1_BaeYJ
1,s9_t1_r2,1,comp,4,3.464494,E1_BaeYJ
1,s9_t1_r2,2,comp,3,3.0714628,E1_BaeYJ
1,s9_t1_r2,3,comp,3,3.3596483,E1_BaeYJ
1,s1_t1_r2,1,fl,3,3.991834,E1_BaeYJ
1,s1_t1_r2,2,fl,4,3.1999542,E1_BaeYJ
1,s1_t1_r2,3,fl,3,3.1673352,E1_BaeYJ
1,s10_t1_r2,1,fl,2,2.6592298,E1_BaeYJ
1,s10_t1_r2,2,fl,2,3.2951535,E1_BaeYJ
1,s10_t1_r2,3,fl,2,2.7894546,E1_BaeYJ
1,s2_t1_r2,1,fl,4,3.2396303,E1_BaeYJ
1,s2_t1_r2,2,fl,4,3.2289046,E1_BaeYJ
1,s2_t1_r2,3,fl,4,3.6490846,E1_BaeYJ
1,s3_t1_r2,1,fl,2,2.6190783,E1_BaeYJ
1,s3_t1_r2,2,fl,2,2.4984793,E1_BaeYJ
1,s3_t1_r2,3,fl,2,3.190961,E1_BaeYJ
1,s4_t1_r2,1,fl,3,3.0294594,E1_BaeYJ
1,s4_t1_r2,2,fl,3,3.4382097,E1_BaeYJ
1,s4_t1_r2,3,fl,3,3.0097072,E1_BaeYJ
1,s5_t1_r2,1,fl,3,7.1025751,E1_BaeYJ
1,s5_t1_r2,2,fl,2,7.031999,E1_BaeYJ
1,s5_t1_r2,3,fl,2,7.0218686,E1_BaeYJ
1,s6_t1_r2,1,fl,2,3.5593973,E1_BaeYJ
1,s6_t1_r2,2,fl,2,3.5098631,E1_BaeYJ
1,s6_t1_r2,3,fl,2,1.7806906,E1_BaeYJ
1,s7_t1_r2,1,fl,2,4.8648923,E1_BaeYJ
1,s7_t1_r2,2,fl,2,2.7794116,E1_BaeYJ
1,s7_t1_r2,3,fl,2,2.9289617,E1_BaeYJ
1,s8_t1_r2,1,fl,3,10.957498,E1_BaeYJ
1,s8_t1_r2,2,fl,4,3.0800479,E1_BaeYJ
1,s8_t1_r2,3,fl,2,3.1748507,E1_BaeYJ
1,s9_t1_r2,1,fl,3,2.2798487,E1_BaeYJ
1,s9_t1_r2,2,fl,3,2.8398724,E1_BaeYJ
1,s9_t1_r2,3,fl,2,4.2247453,E1_BaeYJ
1,s1_t1_r2,1,in,5,3.1193985,E1_BaeYJ
1,s1_t1_r2,2,in,5,3.0803499,E1_BaeYJ
1,s1_t1_r2,3,in,5,0.8569561,E1_BaeYJ
1,s10_t1_r2,1,in,3,2.7583778,E1_BaeYJ
1,s10_t1_r2,2,in,2,2.7099067,E1_BaeYJ
1,s10_t1_r2,3,in,3,2.8766916,E1_BaeYJ
1,s2_t1_r2,1,in,3,4.6780772,E1_BaeYJ
1,s2_t1_r2,2,in,4,3.3700036,E1_BaeYJ
1,s2_t1_r2,3,in,5,0.299566,E1_BaeYJ
1,s3_t1_r2,1,in,1,2.4291559,E1_BaeYJ
1,s3_t1_r2,2,in,2,2.4884446,E1_BaeYJ
1,s3_t1_r2,3,in,2,2.8038292,E1_BaeYJ
1,s4_t1_r2,1,in,4,13.6084784,E1_BaeYJ
1,s4_t1_r2,2,in,4,2.6473343,E1_BaeYJ
1,s4_t1_r2,3,in,3,1.3803512,E1_BaeYJ
1,s5_t1_r2,1,in,2,3.2468892,E1_BaeYJ
1,s5_t1_r2,2,in,2,1.6012469,E1_BaeYJ
1,s5_t1_r2,3,in,1,2.0818248,E1_BaeYJ
1,s6_t1_r2,1,in,1,5.1034072,E1_BaeYJ
1,s6_t1_r2,2,in,1,1.8498746,E1_BaeYJ
1,s6_t1_r2,3,in,1,1.0233172,E1_BaeYJ
1,s7_t1_r2,1,in,1,2.7086656,E1_BaeYJ
1,s7_t1_r2,2,in,2,1.519498,E1_BaeYJ
1,s7_t1_r2,3,in,2,2.4792784,E1_BaeYJ
1,s8_t1_r2,1,in,3,3.6395951,E1_BaeYJ
1,s8_t1_r2,2,in,3,2.7334813,E1_BaeYJ
1,s8_t1_r2,3,in,3,2.7451223,E1_BaeYJ
1,s9_t1_r2,1,in,2,2.5790097,E1_BaeYJ
1,s9_t1_r2,2,in,3,2.5294289,E1_BaeYJ
1,s9_t1_r2,3,in,2,2.6997043,E1_BaeYJ
1,s1_t1_r2,1,ac,5,13.6627815,E1_HanSS
1,s1_t1_r2,2,ac,4,3.4337681,E1_HanSS
1,s1_t1_r2,3,ac,4,2.2261324,E1_HanSS
1,s10_t1_r2,1,ac,3,10.6495567,E1_HanSS
1,s10_t1_r2,2,ac,3,1.3590561,E1_HanSS
1,s10_t1_r2,3,ac,3,0.615202,E1_HanSS
1,s2_t1_r2,1,ac,6,4.1241754,E1_HanSS
1,s2_t1_r2,2,ac,6,3.5479516,E1_HanSS
1,s2_t1_r2,3,ac,6,3.1545984,E1_HanSS
1,s3_t1_r2,1,ac,3,3.8805533,E1_HanSS
1,s3_t1_r2,2,ac,3,0.2063211,E1_HanSS
1,s3_t1_r2,3,ac,3,1.4582431,E1_HanSS
1,s4_t1_r2,1,ac,4,1.5346421,E1_HanSS
1,s4_t1_r2,2,ac,4,0.1900296,E1_HanSS
1,s4_t1_r2,3,ac,5,-0.061569,E1_HanSS
1,s5_t1_r2,1,ac,2,2.9853757,E1_HanSS
1,s5_t1_r2,2,ac,2,3.4348644,E1_HanSS
1,s5_t1_r2,3,ac,2,1.2374029,E1_HanSS
1,s6_t1_r2,1,ac,2,5.1530084,E1_HanSS
1,s6_t1_r2,2,ac,2,1.6984465,E1_HanSS
1,s6_t1_r2,3,ac,2,1.7612272,E1_HanSS
1,s7_t1_r2,1,ac,4,0.6275729,E1_HanSS
1,s7_t1_r2,2,ac,4,2.567087,E1_HanSS
1,s7_t1_r2,3,ac,4,0.183641,E1_HanSS
1,s8_t1_r2,1,ac,4,7.5906651,E1_HanSS
1,s8_t1_r2,2,ac,6,4.135566,E1_HanSS
1,s8_t1_r2,3,ac,6,2.7695015,E1_HanSS
1,s9_t1_r2,1,ac,6,3.8743487,E1_HanSS
1,s9_t1_r2,2,ac,6,0.6147492,E1_HanSS
1,s9_t1_r2,3,ac,6,2.6036141,E1_HanSS
1,s1_t1_r2,1,comp,3,0.0402272,E1_HanSS
1,s1_t1_r2,2,comp,3,0.0154148,E1_HanSS
1,s1_t1_r2,3,comp,3,-0.2487467,E1_HanSS
1,s10_t1_r2,1,comp,4,0.0841095,E1_HanSS
1,s10_t1_r2,2,comp,4,0.3709123,E1_HanSS
1,s10_t1_r2,3,comp,4,-0.1503615,E1_HanSS
1,s2_t1_r2,1,comp,6,0.3140933,E1_HanSS
1,s2_t1_r2,2,comp,6,0.2325971,E1_HanSS
1,s2_t1_r2,3,comp,7,0.1509127,E1_HanSS
1,s3_t1_r2,1,comp,4,0.729688,E1_HanSS
1,s3_t1_r2,2,comp,3,0.3197994,E1_HanSS
1,s3_t1_r2,3,comp,2,0.079595,E1_HanSS
1,s4_t1_r2,1,comp,5,0.6700808,E1_HanSS
1,s4_t1_r2,2,comp,2,-0.1246186,E1_HanSS
1,s4_t1_r2,3,comp,4,-0.0643974,E1_HanSS
1,s5_t1_r2,1,comp,2,0.4521096,E1_HanSS
1,s5_t1_r2,2,comp,2,0.2342185,E1_HanSS
1,s5_t1_r2,3,comp,3,-0.1851143,E1_HanSS
1,s6_t1_r2,1,comp,2,0.0262039,E1_HanSS
1,s6_t1_r2,2,comp,2,0.0354831,E1_HanSS
1,s6_t1_r2,3,comp,2,-0.0711083,E1_HanSS
1,s7_t1_r2,1,comp,4,0.6182995,E1_HanSS
1,s7_t1_r2,2,comp,4,-0.0231976,E1_HanSS
1,s7_t1_r2,3,comp,4,-0.2570956,E1_HanSS
1,s8_t1_r2,1,comp,6,0.3610198,E1_HanSS
1,s8_t1_r2,2,comp,7,0.4571951,E1_HanSS
1,s8_t1_r2,3,comp,6,0.1928145,E1_HanSS
1,s9_t1_r2,1,comp,5,0.1789892,E1_HanSS
1,s9_t1_r2,2,comp,6,0.2651823,E1_HanSS
1,s9_t1_r2,3,comp,6,0.1226964,E1_HanSS
1,s1_t1_r2,1,fl,4,0.173426,E1_HanSS
1,s1_t1_r2,2,fl,4,-0.0563831,E1_HanSS
1,s1_t1_r2,3,fl,4,-0.2265194,E1_HanSS
1,s10_t1_r2,1,fl,3,0.0387288,E1_HanSS
1,s10_t1_r2,2,fl,3,-0.0475002,E1_HanSS
1,s10_t1_r2,3,fl,3,-0.2416755,E1_HanSS
1,s2_t1_r2,1,fl,6,0.1119487,E1_HanSS
1,s2_t1_r2,2,fl,6,0.1044512,E1_HanSS
1,s2_t1_r2,3,fl,6,-0.2277209,E1_HanSS
1,s3_t1_r2,1,fl,3,33.767583,E1_HanSS
1,s3_t1_r2,2,fl,2,-0.09451,E1_HanSS
1,s3_t1_r2,3,fl,2,-0.0983804,E1_HanSS
1,s4_t1_r2,1,fl,5,7.4141699,E1_HanSS
1,s4_t1_r2,2,fl,4,-0.1472387,E1_HanSS
1,s4_t1_r2,3,fl,4,0.0274759,E1_HanSS
1,s5_t1_r2,1,fl,2,0.0480965,E1_HanSS
1,s5_t1_r2,2,fl,2,-0.0781269,E1_HanSS
1,s5_t1_r2,3,fl,2,-0.2379129,E1_HanSS
1,s6_t1_r2,1,fl,3,0.5176864,E1_HanSS
1,s6_t1_r2,2,fl,1,-0.0803772,E1_HanSS
1,s6_t1_r2,3,fl,1,-0.0880994,E1_HanSS
1,s7_t1_r2,1,fl,4,0.1514463,E1_HanSS
1,s7_t1_r2,2,fl,4,-0.0184408,E1_HanSS
1,s7_t1_r2,3,fl,4,-0.1005601,E1_HanSS
1,s8_t1_r2,1,fl,6,0.2945505,E1_HanSS
1,s8_t1_r2,2,fl,6,-0.073075,E1_HanSS
1,s8_t1_r2,3,fl,6,-0.0706833,E1_HanSS
1,s9_t1_r2,1,fl,6,0.500103,E1_HanSS
1,s9_t1_r2,2,fl,7,0.1192644,E1_HanSS
1,s9_t1_r2,3,fl,6,0.0608855,E1_HanSS
1,s1_t1_r2,1,in,6,0.1575843,E1_HanSS
1,s1_t1_r2,2,in,4,0.3650741,E1_HanSS
1,s1_t1_r2,3,in,5,3.260026,E1_HanSS
1,s10_t1_r2,1,in,4,4.374145,E1_HanSS
1,s10_t1_r2,2,in,4,0.1708727,E1_HanSS
1,s10_t1_r2,3,in,4,2.9595382,E1_HanSS
1,s2_t1_r2,1,in,7,0.6369848,E1_HanSS
1,s2_t1_r2,2,in,7,2.5128179,E1_HanSS
1,s2_t1_r2,3,in,6,2.9265965,E1_HanSS
1,s3_t1_r2,1,in,4,6.4189894,E1_HanSS
1,s3_t1_r2,2,in,4,2.6814602,E1_HanSS
1,s3_t1_r2,3,in,4,3.045713,E1_HanSS
1,s4_t1_r2,1,in,5,5.4646169,E1_HanSS
1,s4_t1_r2,2,in,5,1.1100241,E1_HanSS
1,s4_t1_r2,3,in,5,1.6018714,E1_HanSS
1,s5_t1_r2,1,in,2,2.9567057,E1_HanSS
1,s5_t1_r2,2,in,2,0.0633384,E1_HanSS
1,s5_t1_r2,3,in,2,5.008982,E1_HanSS
1,s6_t1_r2,1,in,1,2.5433676,E1_HanSS
1,s6_t1_r2,2,in,1,1.0701275,E1_HanSS
1,s6_t1_r2,3,in,1,1.646811,E1_HanSS
1,s7_t1_r2,1,in,3,4.5457889,E1_HanSS
1,s7_t1_r2,2,in,4,1.5418349,E1_HanSS
1,s7_t1_r2,3,in,4,1.9279365,E1_HanSS
1,s8_t1_r2,1,in,6,14.0215358,E1_HanSS
1,s8_t1_r2,2,in,6,2.7242122,E1_HanSS
1,s8_t1_r2,3,in,6,2.5949301,E1_HanSS
1,s9_t1_r2,1,in,7,0.2037365,E1_HanSS
1,s9_t1_r2,2,in,7,-0.0858595,E1_HanSS
1,s9_t1_r2,3,in,7,2.0321533,E1_HanSS
1,s1_t1_r2,1,ac,7,-0.4330551,E1_KimDH
1,s1_t1_r2,2,ac,6,-0.299,E1_KimDH
1,s1_t1_r2,3,ac,4,-0.397128,E1_KimDH
1,s10_t1_r2,1,ac,6,-0.4398783,E1_KimDH
1,s10_t1_r2,2,ac,7,-0.3143893,E1_KimDH
1,s10_t1_r2,3,ac,6,-0.4560119,E1_KimDH
1,s2_t1_r2,1,ac,7,-0.1286585,E1_KimDH
1,s2_t1_r2,2,ac,7,-0.078186,E1_KimDH
1,s2_t1_r2,3,ac,6,-0.4565267,E1_KimDH
1,s3_t1_r2,1,ac,7,-0.4363784,E1_KimDH
1,s3_t1_r2,2,ac,7,-0.4105045,E1_KimDH
1,s3_t1_r2,3,ac,7,-0.0770955,E1_KimDH
1,s4_t1_r2,1,ac,7,-0.2220791,E1_KimDH
1,s4_t1_r2,2,ac,7,-0.5013261,E1_KimDH
1,s4_t1_r2,3,ac,6,-0.4050237,E1_KimDH
1,s5_t1_r2,1,ac,6,-0.4113243,E1_KimDH
1,s5_t1_r2,2,ac,6,0.03961,E1_KimDH
1,s5_t1_r2,3,ac,6,-0.4123832,E1_KimDH
1,s6_t1_r2,1,ac,5,-0.3298971,E1_KimDH
1,s6_t1_r2,2,ac,5,-0.3768025,E1_KimDH
1,s6_t1_r2,3,ac,5,-0.362805,E1_KimDH
1,s7_t1_r2,1,ac,5,-0.3748577,E1_KimDH
1,s7_t1_r2,2,ac,5,-0.3600593,E1_KimDH
1,s7_t1_r2,3,ac,5,-0.4371633,E1_KimDH
1,s8_t1_r2,1,ac,7,0.0728009,E1_KimDH
1,s8_t1_r2,2,ac,7,-0.3851795,E1_KimDH
1,s8_t1_r2,3,ac,6,-0.4709594,E1_KimDH
1,s9_t1_r2,1,ac,7,-0.341624,E1_KimDH
1,s9_t1_r2,2,ac,7,-0.0394395,E1_KimDH
1,s9_t1_r2,3,ac,6,-0.3936106,E1_KimDH
1,s1_t1_r2,1,comp,5,-0.334926,E1_KimDH
1,s1_t1_r2,2,comp,4,4.1991822,E1_KimDH
1,s1_t1_r2,3,comp,4,3.4063616,E1_KimDH
1,s10_t1_r2,1,comp,5,-0.0336074,E1_KimDH
1,s10_t1_r2,2,comp,5,2.100802,E1_KimDH
1,s10_t1_r2,3,comp,5,-0.2834152,E1_KimDH
1,s2_t1_r2,1,comp,5,-0.4864767,E1_KimDH
1,s2_t1_r2,2,comp,5,-0.46793,E1_KimDH
1,s2_t1_r2,3,comp,5,-0.2235436,E1_KimDH
1,s3_t1_r2,1,comp,5,-0.3616058,E1_KimDH
1,s3_t1_r2,2,comp,5,-0.3749097,E1_KimDH
1,s3_t1_r2,3,comp,5,-0.1280562,E1_KimDH
1,s4_t1_r2,1,comp,5,-0.4414233,E1_KimDH
1,s4_t1_r2,2,comp,5,0.1683522,E1_KimDH
1,s4_t1_r2,3,comp,5,-0.3471001,E1_KimDH
1,s5_t1_r2,1,comp,3,-0.2918846,E1_KimDH
1,s5_t1_r2,2,comp,5,-0.2396131,E1_KimDH
1,s5_t1_r2,3,comp,5,-0.457396,E1_KimDH
1,s6_t1_r2,1,comp,4,4.7893298,E1_KimDH
1,s6_t1_r2,2,comp,5,-0.3771349,E1_KimDH
1,s6_t1_r2,3,comp,5,-0.4719414,E1_KimDH
1,s7_t1_r2,1,comp,4,-0.4540556,E1_KimDH
1,s7_t1_r2,2,comp,3,-0.4236959,E1_KimDH
1,s7_t1_r2,3,comp,3,-0.3867981,E1_KimDH
1,s8_t1_r2,1,comp,4,-0.3020065,E1_KimDH
1,s8_t1_r2,2,comp,5,-0.4415035,E1_KimDH
1,s8_t1_r2,3,comp,5,-0.2057141,E1_KimDH
1,s9_t1_r2,1,comp,5,-0.4084618,E1_KimDH
1,s9_t1_r2,2,comp,5,-0.396501,E1_KimDH
1,s9_t1_r2,3,comp,5,-0.4541819,E1_KimDH
1,s1_t1_r2,1,fl,6,-0.4258407,E1_KimDH
1,s1_t1_r2,2,fl,6,-0.2351284,E1_KimDH
1,s1_t1_r2,3,fl,6,-0.3885881,E1_KimDH
1,s10_t1_r2,1,fl,7,-0.0551392,E1_KimDH
1,s10_t1_r2,2,fl,6,-0.3955311,E1_KimDH
1,s10_t1_r2,3,fl,6,-0.4695812,E1_KimDH
1,s2_t1_r2,1,fl,7,-0.4239169,E1_KimDH
1,s2_t1_r2,2,fl,7,-0.4881866,E1_KimDH
1,s2_t1_r2,3,fl,7,-0.2333253,E1_KimDH
1,s3_t1_r2,1,fl,6,-0.3578066,E1_KimDH
1,s3_t1_r2,2,fl,6,-0.3270815,E1_KimDH
1,s3_t1_r2,3,fl,7,-0.3132375,E1_KimDH
1,s4_t1_r2,1,fl,6,-0.4809709,E1_KimDH
1,s4_t1_r2,2,fl,6,-0.440477,E1_KimDH
1,s4_t1_r2,3,fl,6,-0.5338768,E1_KimDH
1,s5_t1_r2,1,fl,6,-0.0555625,E1_KimDH
1,s5_t1_r2,2,fl,6,-0.0778821,E1_KimDH
1,s5_t1_r2,3,fl,6,-0.3620063,E1_KimDH
1,s6_t1_r2,1,fl,7,-0.4067822,E1_KimDH
1,s6_t1_r2,2,fl,7,-0.2659617,E1_KimDH
1,s6_t1_r2,3,fl,7,-0.4226989,E1_KimDH
1,s7_t1_r2,1,fl,5,-0.3285486,E1_KimDH
1,s7_t1_r2,2,fl,5,-0.3946627,E1_KimDH
1,s7_t1_r2,3,fl,5,-0.3457014,E1_KimDH
1,s8_t1_r2,1,fl,7,-0.1447518,E1_KimDH
1,s8_t1_r2,2,fl,7,-0.2873484,E1_KimDH
1,s8_t1_r2,3,fl,7,-0.4064828,E1_KimDH
1,s9_t1_r2,1,fl,7,-0.1827601,E1_KimDH
1,s9_t1_r2,2,fl,7,-0.3794566,E1_KimDH
1,s9_t1_r2,3,fl,7,-0.4577852,E1_KimDH
1,s1_t1_r2,1,in,4,0.3092239,E1_KimDH
1,s1_t1_r2,2,in,5,0.1875744,E1_KimDH
1,s1_t1_r2,3,in,5,0.1624354,E1_KimDH
1,s10_t1_r2,1,in,6,0.5799717,E1_KimDH
1,s10_t1_r2,2,in,6,0.0505397,E1_KimDH
1,s10_t1_r2,3,in,5,0.185671,E1_KimDH
1,s2_t1_r2,1,in,6,-0.1047555,E1_KimDH
1,s2_t1_r2,2,in,6,0.9310065,E1_KimDH
1,s2_t1_r2,3,in,6,0.2331049,E1_KimDH
1,s3_t1_r2,1,in,6,-0.0602647,E1_KimDH
1,s3_t1_r2,2,in,5,-0.0912492,E1_KimDH
1,s3_t1_r2,3,in,6,0.1013228,E1_KimDH
1,s4_t1_r2,1,in,6,0.2753729,E1_KimDH
1,s4_t1_r2,2,in,5,0.1628693,E1_KimDH
1,s4_t1_r2,3,in,6,0.232224,E1_KimDH
1,s5_t1_r2,1,in,4,0.0026834,E1_KimDH
1,s5_t1_r2,2,in,6,-0.130702,E1_KimDH
1,s5_t1_r2,3,in,6,0.0303728,E1_KimDH
1,s6_t1_r2,1,in,5,1.1074123,E1_KimDH
1,s6_t1_r2,2,in,6,0.5382279,E1_KimDH
1,s6_t1_r2,3,in,5,0.2011465,E1_KimDH
1,s7_t1_r2,1,in,4,0.1885868,E1_KimDH
1,s7_t1_r2,2,in,3,-0.0454604,E1_KimDH
1,s7_t1_r2,3,in,3,0.6516238,E1_KimDH
1,s8_t1_r2,1,in,6,0.0848804,E1_KimDH
1,s8_t1_r2,2,in,7,0.049489,E1_KimDH
1,s8_t1_r2,3,in,7,0.0917027,E1_KimDH
1,s9_t1_r2,1,in,6,0.0765243,E1_KimDH
1,s9_t1_r2,2,in,7,0.09676,E1_KimDH
1,s9_t1_r2,3,in,6,0.1587818,E1_KimDH
1,s1_t1_r2,1,ac,5,3.8418335,E1_KimHN
1,s1_t1_r2,2,ac,5,2.2462509,E1_KimHN
1,s1_t1_r2,3,ac,5,0.3772232,E1_KimHN
1,s10_t1_r2,1,ac,3,1.8751683,E1_KimHN
1,s10_t1_r2,2,ac,1,1.5587572,E1_KimHN
1,s10_t1_r2,3,ac,2,2.0966732,E1_KimHN
1,s2_t1_r2,1,ac,5,3.0199488,E1_KimHN
1,s2_t1_r2,2,ac,5,2.3610853,E1_KimHN
1,s2_t1_r2,3,ac,5,2.143489,E1_KimHN
1,s3_t1_r2,1,ac,1,2.6748063,E1_KimHN
1,s3_t1_r2,2,ac,1,2.4556616,E1_KimHN
1,s3_t1_r2,3,ac,2,0.4364745,E1_KimHN
1,s4_t1_r2,1,ac,3,2.8411276,E1_KimHN
1,s4_t1_r2,2,ac,3,0.6661994,E1_KimHN
1,s4_t1_r2,3,ac,1,2.0865236,E1_KimHN
1,s5_t1_r2,1,ac,1,5.8935166,E1_KimHN
1,s5_t1_r2,2,ac,1,2.2297413,E1_KimHN
1,s5_t1_r2,3,ac,1,2.3007181,E1_KimHN
1,s6_t1_r2,1,ac,1,2.02152,E1_KimHN
1,s6_t1_r2,2,ac,1,2.1383878,E1_KimHN
1,s6_t1_r2,3,ac,1,2.39037,E1_KimHN
1,s7_t1_r2,1,ac,5,1.9821416,E1_KimHN
1,s7_t1_r2,2,ac,5,2.3996995,E1_KimHN
1,s7_t1_r2,3,ac,4,2.3180401,E1_KimHN
1,s8_t1_r2,1,ac,5,0.672821,E1_KimHN
1,s8_t1_r2,2,ac,5,1.0012063,E1_KimHN
1,s8_t1_r2,3,ac,5,1.2240807,E1_KimHN
1,s9_t1_r2,1,ac,3,2.3190643,E1_KimHN
1,s9_t1_r2,2,ac,3,2.7584978,E1_KimHN
1,s9_t1_r2,3,ac,3,2.0151814,E1_KimHN
1,s1_t1_r2,1,comp,5,20.0062654,E1_KimHN
1,s1_t1_r2,2,comp,5,4.3457458,E1_KimHN
1,s1_t1_r2,3,comp,5,4.6893973,E1_KimHN
1,s10_t1_r2,1,comp,3,7.5330197,E1_KimHN
1,s10_t1_r2,2,comp,1,3.6744313,E1_KimHN
1,s10_t1_r2,3,comp,1,3.6831159,E1_KimHN
1,s2_t1_r2,1,comp,5,5.4818446,E1_KimHN
1,s2_t1_r2,2,comp,5,4.2746056,E1_KimHN
1,s2_t1_r2,3,comp,4,4.4757179,E1_KimHN
1,s3_t1_r2,1,comp,1,7.1926388,E1_KimHN
1,s3_t1_r2,2,comp,2,4.2010494,E1_KimHN
1,s3_t1_r2,3,comp,1,3.437761,E1_KimHN
1,s4_t1_r2,1,comp,4,7.8166137,E1_KimHN
1,s4_t1_r2,2,comp,3,4.8106482,E1_KimHN
1,s4_t1_r2,3,comp,3,3.654861,E1_KimHN
1,s5_t1_r2,1,comp,5,15.7177401,E1_KimHN
1,s5_t1_r2,2,comp,1,7.7686151,E1_KimHN
1,s5_t1_r2,3,comp,1,4.7388083,E1_KimHN
1,s6_t1_r2,1,comp,1,7.4288077,E1_KimHN
1,s6_t1_r2,2,comp,1,4.0553985,E1_KimHN
1,s6_t1_r2,3,comp,1,3.3751473,E1_KimHN
1,s7_t1_r2,1,comp,3,5.9115299,E1_KimHN
1,s7_t1_r2,2,comp,3,5.2912922,E1_KimHN
1,s7_t1_r2,3,comp,4,3.9669316,E1_KimHN
1,s8_t1_r2,1,comp,3,9.1064975,E1_KimHN
1,s8_t1_r2,2,comp,4,3.8309639,E1_KimHN
1,s8_t1_r2,3,comp,4,3.8589347,E1_KimHN
1,s9_t1_r2,1,comp,3,6.3264816,E1_KimHN
1,s9_t1_r2,2,comp,3,4.600036,E1_KimHN
1,s9_t1_r2,3,comp,4,3.7287065,E1_KimHN
1,s1_t1_r2,1,fl,4,3.9929137,E1_KimHN
1,s1_t1_r2,2,fl,5,3.9534272,E1_KimHN
1,s1_t1_r2,3,fl,4,3.4378971,E1_KimHN
1,s10_t1_r2,1,fl,2,3.646585,E1_KimHN
1,s10_t1_r2,2,fl,2,3.2034403,E1_KimHN
1,s10_t1_r2,3,fl,2,3.6474992,E1_KimHN
1,s2_t1_r2,1,fl,5,4.3124051,E1_KimHN
1,s2_t1_r2,2,fl,5,3.9758385,E1_KimHN
1,s2_t1_r2,3,fl,5,2.5427403,E1_KimHN
1,s3_t1_r2,1,fl,2,3.3029334,E1_KimHN
1,s3_t1_r2,2,fl,1,3.5180881,E1_KimHN
1,s3_t1_r2,3,fl,1,2.8356468,E1_KimHN
1,s4_t1_r2,1,fl,1,3.9998543,E1_KimHN
1,s4_t1_r2,2,fl,2,3.8620723,E1_KimHN
1,s4_t1_r2,3,fl,2,3.4229011,E1_KimHN
1,s5_t1_r2,1,fl,1,8.2387253,E1_KimHN
1,s5_t1_r2,2,fl,1,8.0692435,E1_KimHN
1,s5_t1_r2,3,fl,1,5.4099653,E1_KimHN
1,s6_t1_r2,1,fl,1,4.6254895,E1_KimHN
1,s6_t1_r2,2,fl,1,4.3636604,E1_KimHN
1,s6_t1_r2,3,fl,1,2.2350464,E1_KimHN
1,s7_t1_r2,1,fl,4,4.1914062,E1_KimHN
1,s7_t1_r2,2,fl,5,3.9625954,E1_KimHN
1,s7_t1_r2,3,fl,4,2.48226,E1_KimHN
1,s8_t1_r2,1,fl,2,3.6695447,E1_KimHN
1,s8_t1_r2,2,fl,2,3.1294129,E1_KimHN
1,s8_t1_r2,3,fl,3,3.5667357,E1_KimHN
1,s9_t1_r2,1,fl,2,3.6772034,E1_KimHN
1,s9_t1_r2,2,fl,3,4.9360156,E1_KimHN
1,s9_t1_r2,3,fl,2,3.6321046,E1_KimHN
1,s1_t1_r2,1,in,5,3.1086263,E1_KimHN
1,s1_t1_r2,2,in,5,2.3820804,E1_KimHN
1,s1_t1_r2,3,in,5,2.2611499,E1_KimHN
1,s10_t1_r2,1,in,3,0.3808038,E1_KimHN
1,s10_t1_r2,2,in,1,1.6503014,E1_KimHN
1,s10_t1_r2,3,in,3,0.8727352,E1_KimHN
1,s2_t1_r2,1,in,5,2.4451966,E1_KimHN
1,s2_t1_r2,2,in,5,0.2169592,E1_KimHN
1,s2_t1_r2,3,in,5,1.2498465,E1_KimHN
1,s3_t1_r2,1,in,3,2.1088491,E1_KimHN
1,s3_t1_r2,2,in,3,2.3323096,E1_KimHN
1,s3_t1_r2,3,in,3,0.4158417,E1_KimHN
1,s4_t1_r2,1,in,2,1.1436286,E1_KimHN
1,s4_t1_r2,2,in,2,1.0304488,E1_KimHN
1,s4_t1_r2,3,in,2,0.6270179,E1_KimHN
1,s5_t1_r2,1,in,1,2.0385265,E1_KimHN
1,s5_t1_r2,2,in,1,0.7106219,E1_KimHN
1,s5_t1_r2,3,in,1,1.0057649,E1_KimHN
1,s6_t1_r2,1,in,3,1.0730453,E1_KimHN
1,s6_t1_r2,2,in,2,2.021404,E1_KimHN
1,s6_t1_r2,3,in,2,0.7106562,E1_KimHN
1,s7_t1_r2,1,in,5,1.8335088,E1_KimHN
1,s7_t1_r2,2,in,5,0.1776285,E1_KimHN
1,s7_t1_r2,3,in,5,0.4405761,E1_KimHN
1,s8_t1_r2,1,in,5,1.7852913,E1_KimHN
1,s8_t1_r2,2,in,4,1.671961,E1_KimHN
1,s8_t1_r2,3,in,5,2.0545511,E1_KimHN
1,s9_t1_r2,1,in,3,0.4335421,E1_KimHN
1,s9_t1_r2,2,in,5,1.2448552,E1_KimHN
1,s9_t1_r2,3,in,4,1.4751625,E1_KimHN
1,s1_t1_r2,1,ac,1,2.829307084,E1_KuDY
1,s1_t1_r2,2,ac,1,0.183295375,E1_KuDY
1,s1_t1_r2,3,ac,3,2.09935925,E1_KuDY
1,s10_t1_r2,1,ac,2,1.813936792,E1_KuDY
1,s10_t1_r2,2,ac,2,1.605553584,E1_KuDY
1,s10_t1_r2,3,ac,2,1.607323041,E1_KuDY
1,s2_t1_r2,1,ac,6,5.683018334,E1_KuDY
1,s2_t1_r2,2,ac,6,1.91912075,E1_KuDY
1,s2_t1_r2,3,ac,5,1.666970292,E1_KuDY
1,s3_t1_r2,1,ac,1,1.29334825,E1_KuDY
1,s3_t1_r2,2,ac,1,1.791779959,E1_KuDY
1,s3_t1_r2,3,ac,1,0.452596,E1_KuDY
1,s4_t1_r2,1,ac,2,1.382613917,E1_KuDY
1,s4_t1_r2,2,ac,2,2.00227625,E1_KuDY
1,s4_t1_r2,3,ac,2,1.835513875,E1_KuDY
1,s5_t1_r2,1,ac,1,2.302847542,E1_KuDY
1,s5_t1_r2,2,ac,2,1.916141459,E1_KuDY
1,s5_t1_r2,3,ac,2,1.788526167,E1_KuDY
1,s6_t1_r2,1,ac,1,5.450351333,E1_KuDY
1,s6_t1_r2,2,ac,1,2.13819575,E1_KuDY
1,s6_t1_r2,3,ac,1,0.865422209,E1_KuDY
1,s7_t1_r2,1,ac,1,3.366948875,E1_KuDY
1,s7_t1_r2,2,ac,1,2.25774725,E1_KuDY
1,s7_t1_r2,3,ac,1,1.835216291,E1_KuDY
1,s8_t1_r2,1,ac,6,0.721801375,E1_KuDY
1,s8_t1_r2,2,ac,6,2.232227209,E1_KuDY
1,s8_t1_r2,3,ac,6,2.195833958,E1_KuDY
1,s9_t1_r2,1,ac,5,1.881359625,E1_KuDY
1,s9_t1_r2,2,ac,4,1.756910708,E1_KuDY
1,s9_t1_r2,3,ac,5,1.556056792,E1_KuDY
1,s1_t1_r2,1,comp,2,4.246981,E1_KuDY
1,s1_t1_r2,2,comp,2,5.309582417,E1_KuDY
1,s1_t1_r2,3,comp,2,6.599448042,E1_KuDY
1,s10_t1_r2,1,comp,2,4.158388833,E1_KuDY
1,s10_t1_r2,2,comp,2,6.00020825,E1_KuDY
1,s10_t1_r2,3,comp,3,1.429761834,E1_KuDY
1,s2_t1_r2,1,comp,5,8.66067625,E1_KuDY
1,s2_t1_r2,2,comp,5,4.468556291,E1_KuDY
1,s2_t1_r2,3,comp,4,4.591457958,E1_KuDY
1,s3_t1_r2,1,comp,1,25.13028292,E1_KuDY
1,s3_t1_r2,2,comp,1,4.4797415,E1_KuDY
1,s3_t1_r2,3,comp,1,3.96573725,E1_KuDY
1,s4_t1_r2,1,comp,1,4.253974375,E1_KuDY
1,s4_t1_r2,2,comp,2,4.119144709,E1_KuDY
1,s4_t1_r2,3,comp,3,2.161672125,E1_KuDY
1,s5_t1_r2,1,comp,1,11.61503746,E1_KuDY
1,s5_t1_r2,2,comp,2,8.296246625,E1_KuDY
1,s5_t1_r2,3,comp,1,3.192320916,E1_KuDY
1,s6_t1_r2,1,comp,1,4.815413458,E1_KuDY
1,s6_t1_r2,2,comp,2,5.531147167,E1_KuDY
1,s6_t1_r2,3,comp,1,3.140838917,E1_KuDY
1,s7_t1_r2,1,comp,1,4.698179459,E1_KuDY
1,s7_t1_r2,2,comp,1,0.282256333,E1_KuDY
1,s7_t1_r2,3,comp,1,2.700624083,E1_KuDY
1,s8_t1_r2,1,comp,5,4.638057958,E1_KuDY
1,s8_t1_r2,2,comp,6,4.332744584,E1_KuDY
1,s8_t1_r2,3,comp,5,3.619425875,E1_KuDY
1,s9_t1_r2,1,comp,2,16.56254287,E1_KuDY
1,s9_t1_r2,2,comp,4,4.501040584,E1_KuDY
1,s9_t1_r2,3,comp,4,2.042802875,E1_KuDY
1,s1_t1_r2,1,fl,2,3.458405709,E1_KuDY
1,s1_t1_r2,2,fl,2,1.982078167,E1_KuDY
1,s1_t1_r2,3,fl,2,1.7015615,E1_KuDY
1,s10_t1_r2,1,fl,2,1.199870167,E1_KuDY
1,s10_t1_r2,2,fl,2,2.766850125,E1_KuDY
1,s10_t1_r2,3,fl,2,0.553991458,E1_KuDY
1,s2_t1_r2,1,fl,3,4.035018834,E1_KuDY
1,s2_t1_r2,2,fl,4,3.071202625,E1_KuDY
1,s2_t1_r2,3,fl,5,1.832686333,E1_KuDY
1,s3_t1_r2,1,fl,1,1.725597875,E1_KuDY
1,s3_t1_r2,2,fl,2,1.566177167,E1_KuDY
1,s3_t1_r2,3,fl,2,2.582152333,E1_KuDY
1,s4_t1_r2,1,fl,2,1.980509,E1_KuDY
1,s4_t1_r2,2,fl,2,1.802235084,E1_KuDY
1,s4_t1_r2,3,fl,3,1.749126541,E1_KuDY
1,s5_t1_r2,1,fl,1,4.706227333,E1_KuDY
1,s5_t1_r2,2,fl,1,1.315753,E1_KuDY
1,s5_t1_r2,3,fl,1,2.015938667,E1_KuDY
1,s6_t1_r2,1,fl,1,2.38589275,E1_KuDY
1,s6_t1_r2,2,fl,2,2.01607375,E1_KuDY
1,s6_t1_r2,3,fl,1,1.615888834,E1_KuDY
1,s7_t1_r2,1,fl,1,1.749558083,E1_KuDY
1,s7_t1_r2,2,fl,1,1.800476875,E1_KuDY
1,s7_t1_r2,3,fl,1,2.063522875,E1_KuDY
1,s8_t1_r2,1,fl,5,1.882194875,E1_KuDY
1,s8_t1_r2,2,fl,5,0.798937666,E1_KuDY
1,s8_t1_r2,3,fl,5,1.483590916,E1_KuDY
1,s9_t1_r2,1,fl,4,3.314615041,E1_KuDY
1,s9_t1_r2,2,fl,5,1.666356334,E1_KuDY
1,s9_t1_r2,3,fl,5,1.841012,E1_KuDY
1,s1_t1_r2,1,in,1,1.53624775,E1_KuDY
1,s1_t1_r2,2,in,1,1.680176292,E1_KuDY
1,s1_t1_r2,3,in,2,1.258937416,E1_KuDY
1,s10_t1_r2,1,in,2,0.78637675,E1_KuDY
1,s10_t1_r2,2,in,2,1.957218791,E1_KuDY
1,s10_t1_r2,3,in,2,0.35896125,E1_KuDY
1,s2_t1_r2,1,in,4,2.616270541,E1_KuDY
1,s2_t1_r2,2,in,5,2.093181042,E1_KuDY
1,s2_t1_r2,3,in,6,2.056084625,E1_KuDY
1,s3_t1_r2,1,in,1,2.433825167,E1_KuDY
1,s3_t1_r2,2,in,1,2.916431625,E1_KuDY
1,s3_t1_r2,3,in,1,1.571002417,E1_KuDY
1,s4_t1_r2,1,in,4,1.64193175,E1_KuDY
1,s4_t1_r2,2,in,2,0.119977959,E1_KuDY
1,s4_t1_r2,3,in,3,0.472997958,E1_KuDY
1,s5_t1_r2,1,in,4,6.465663,E1_KuDY
1,s5_t1_r2,2,in,3,2.108668834,E1_KuDY
1,s5_t1_r2,3,in,2,0.320475792,E1_KuDY
1,s6_t1_r2,1,in,1,1.82371125,E1_KuDY
1,s6_t1_r2,2,in,1,1.653361834,E1_KuDY
1,s6_t1_r2,3,in,2,0.609725875,E1_KuDY
1,s7_t1_r2,1,in,1,1.605462208,E1_KuDY
1,s7_t1_r2,2,in,1,1.919491833,E1_KuDY
1,s7_t1_r2,3,in,1,1.927415875,E1_KuDY
1,s8_t1_r2,1,in,6,1.466056,E1_KuDY
1,s8_t1_r2,2,in,6,1.306330916,E1_KuDY
1,s8_t1_r2,3,in,6,1.149026042,E1_KuDY
1,s9_t1_r2,1,in,6,4.91585475,E1_KuDY
1,s9_t1_r2,2,in,6,1.759417291,E1_KuDY
1,s9_t1_r2,3,in,5,2.828945083,E1_KuDY
1,s1_t1_r2,1,ac,3,3.0711146,E1_LeeHJ
1,s1_t1_r2,2,ac,3,0.4420796,E1_LeeHJ
1,s1_t1_r2,3,ac,2,0.6779556,E1_LeeHJ
1,s10_t1_r2,1,ac,2,2.1345175,E1_LeeHJ
1,s10_t1_r2,2,ac,2,2.7217408,E1_LeeHJ
1,s10_t1_r2,3,ac,2,0.6120972,E1_LeeHJ
1,s2_t1_r2,1,ac,6,0.4307508,E1_LeeHJ
1,s2_t1_r2,2,ac,6,0.7513656,E1_LeeHJ
1,s2_t1_r2,3,ac,6,1.4683627,E1_LeeHJ
1,s3_t1_r2,1,ac,2,1.8413659,E1_LeeHJ
1,s3_t1_r2,2,ac,1,0.8073562,E1_LeeHJ
1,s3_t1_r2,3,ac,1,0.3274099,E1_LeeHJ
1,s4_t1_r2,1,ac,1,1.3609199,E1_LeeHJ
1,s4_t1_r2,2,ac,1,2.277396,E1_LeeHJ
1,s4_t1_r2,3,ac,1,0.8921656,E1_LeeHJ
1,s5_t1_r2,1,ac,3,2.0065726,E1_LeeHJ
1,s5_t1_r2,2,ac,3,10.1939627,E1_LeeHJ
1,s5_t1_r2,3,ac,3,0.5270069,E1_LeeHJ
1,s6_t1_r2,1,ac,4,0.5283155,E1_LeeHJ
1,s6_t1_r2,2,ac,4,3.8088324,E1_LeeHJ
1,s6_t1_r2,3,ac,3,1.7244674,E1_LeeHJ
1,s7_t1_r2,1,ac,2,0.9583247,E1_LeeHJ
1,s7_t1_r2,2,ac,2,0.2586937,E1_LeeHJ
1,s7_t1_r2,3,ac,2,0.4046329,E1_LeeHJ
1,s8_t1_r2,1,ac,6,0.5258734,E1_LeeHJ
1,s8_t1_r2,2,ac,5,0.6132915,E1_LeeHJ
1,s8_t1_r2,3,ac,5,2.8763934,E1_LeeHJ
1,s9_t1_r2,1,ac,5,0.9668769,E1_LeeHJ
1,s9_t1_r2,2,ac,4,1.493247,E1_LeeHJ
1,s9_t1_r2,3,ac,4,0.4848023,E1_LeeHJ
1,s1_t1_r2,1,comp,4,4.6393016,E1_LeeHJ
1,s1_t1_r2,2,comp,3,6.469102,E1_LeeHJ
1,s1_t1_r2,3,comp,3,4.1824018,E1_LeeHJ
1,s10_t1_r2,1,comp,5,4.0754281,E1_LeeHJ
1,s10_t1_r2,2,comp,3,4.924669,E1_LeeHJ
1,s10_t1_r2,3,comp,3,4.1597248,E1_LeeHJ
1,s2_t1_r2,1,comp,6,5.8244803,E1_LeeHJ
1,s2_t1_r2,2,comp,6,6.1534939,E1_LeeHJ
1,s2_t1_r2,3,comp,6,5.3137122,E1_LeeHJ
1,s3_t1_r2,1,comp,2,3.8143867,E1_LeeHJ
1,s3_t1_r2,2,comp,3,3.5593556,E1_LeeHJ
1,s3_t1_r2,3,comp,2,3.2567392,E1_LeeHJ
1,s4_t1_r2,1,comp,3,4.2178131,E1_LeeHJ
1,s4_t1_r2,2,comp,4,9.378638,E1_LeeHJ
1,s4_t1_r2,3,comp,4,0.3198827,E1_LeeHJ
1,s5_t1_r2,1,comp,4,8.8850876,E1_LeeHJ
1,s5_t1_r2,2,comp,4,7.8109599,E1_LeeHJ
1,s5_t1_r2,3,comp,4,8.2236366,E1_LeeHJ
1,s6_t1_r2,1,comp,4,0.4444732,E1_LeeHJ
1,s6_t1_r2,2,comp,4,4.5883831,E1_LeeHJ
1,s6_t1_r2,3,comp,5,3.9274755,E1_LeeHJ
1,s7_t1_r2,1,comp,5,3.5522449,E1_LeeHJ
1,s7_t1_r2,2,comp,4,5.006372,E1_LeeHJ
1,s7_t1_r2,3,comp,3,4.068437,E1_LeeHJ
1,s8_t1_r2,1,comp,6,4.1516208,E1_LeeHJ
1,s8_t1_r2,2,comp,5,3.0446174,E1_LeeHJ
1,s8_t1_r2,3,comp,6,3.3638604,E1_LeeHJ
1,s9_t1_r2,1,comp,5,3.8269561,E1_LeeHJ
1,s9_t1_r2,2,comp,5,2.941539,E1_LeeHJ
1,s9_t1_r2,3,comp,5,4.7307246,E1_LeeHJ
1,s1_t1_r2,1,fl,4,3.7685567,E1_LeeHJ
1,s1_t1_r2,2,fl,2,3.0721375,E1_LeeHJ
1,s1_t1_r2,3,fl,2,2.1962769,E1_LeeHJ
1,s10_t1_r2,1,fl,2,0.5238222,E1_LeeHJ
1,s10_t1_r2,2,fl,2,2.6425608,E1_LeeHJ
1,s10_t1_r2,3,fl,2,2.2505428,E1_LeeHJ
1,s2_t1_r2,1,fl,6,9.4399083,E1_LeeHJ
1,s2_t1_r2,2,fl,6,3.505881,E1_LeeHJ
1,s2_t1_r2,3,fl,6,3.6073979,E1_LeeHJ
1,s3_t1_r2,1,fl,3,1.7142756,E1_LeeHJ
1,s3_t1_r2,2,fl,2,2.7944744,E1_LeeHJ
1,s3_t1_r2,3,fl,2,1.9085213,E1_LeeHJ
1,s4_t1_r2,1,fl,2,3.0401008,E1_LeeHJ
1,s4_t1_r2,2,fl,3,5.564253,E1_LeeHJ
1,s4_t1_r2,3,fl,2,1.5407994,E1_LeeHJ
1,s5_t1_r2,1,fl,4,-0.2276266,E1_LeeHJ
1,s5_t1_r2,2,fl,4,0.4110909,E1_LeeHJ
1,s5_t1_r2,3,fl,3,7.9963204,E1_LeeHJ
1,s6_t1_r2,1,fl,4,0.273591,E1_LeeHJ
1,s6_t1_r2,2,fl,4,1.5080214,E1_LeeHJ
1,s6_t1_r2,3,fl,3,1.7852501,E1_LeeHJ
1,s7_t1_r2,1,fl,3,10.8913804,E1_LeeHJ
1,s7_t1_r2,2,fl,4,3.2594072,E1_LeeHJ
1,s7_t1_r2,3,fl,3,2.8527254,E1_LeeHJ
1,s8_t1_r2,1,fl,5,3.6954626,E1_LeeHJ
1,s8_t1_r2,2,fl,5,2.8245993,E1_LeeHJ
1,s8_t1_r2,3,fl,5,2.6217782,E1_LeeHJ
1,s9_t1_r2,1,fl,4,2.5544648,E1_LeeHJ
1,s9_t1_r2,2,fl,4,2.2836586,E1_LeeHJ
1,s9_t1_r2,3,fl,4,2.7336976,E1_LeeHJ
1,s1_t1_r2,1,in,4,0.9281746,E1_LeeHJ
1,s1_t1_r2,2,in,4,0.5316782,E1_LeeHJ
1,s1_t1_r2,3,in,4,1.8767697,E1_LeeHJ
1,s10_t1_r2,1,in,4,0.4673649,E1_LeeHJ
1,s10_t1_r2,2,in,4,0.8313782,E1_LeeHJ
1,s10_t1_r2,3,in,4,0.2878863,E1_LeeHJ
1,s2_t1_r2,1,in,6,2.2286053,E1_LeeHJ
1,s2_t1_r2,2,in,5,2.1581269,E1_LeeHJ
1,s2_t1_r2,3,in,5,1.2945861,E1_LeeHJ
1,s3_t1_r2,1,in,4,12.430176,E1_LeeHJ
1,s3_t1_r2,2,in,4,0.4690285,E1_LeeHJ
1,s3_t1_r2,3,in,4,0.8668551,E1_LeeHJ
1,s4_t1_r2,1,in,4,1.7444188,E1_LeeHJ
1,s4_t1_r2,2,in,4,0.5333489,E1_LeeHJ
1,s4_t1_r2,3,in,4,0.2940131,E1_LeeHJ
1,s5_t1_r2,1,in,1,0.6830343,E1_LeeHJ
1,s5_t1_r2,2,in,1,1.0194286,E1_LeeHJ
1,s5_t1_r2,3,in,2,0.6188499,E1_LeeHJ
1,s6_t1_r2,1,in,2,2.7506511,E1_LeeHJ
1,s6_t1_r2,2,in,3,0.702444,E1_LeeHJ
1,s6_t1_r2,3,in,3,4.4076296,E1_LeeHJ
1,s7_t1_r2,1,in,4,0.5872612,E1_LeeHJ
1,s7_t1_r2,2,in,4,1.567563,E1_LeeHJ
1,s7_t1_r2,3,in,4,1.5524497,E1_LeeHJ
1,s8_t1_r2,1,in,5,0.6832676,E1_LeeHJ
1,s8_t1_r2,2,in,5,0.4286926,E1_LeeHJ
1,s8_t1_r2,3,in,5,0.4295932,E1_LeeHJ
1,s9_t1_r2,1,in,4,0.5262995,E1_LeeHJ
1,s9_t1_r2,2,in,5,0.4704629,E1_LeeHJ
1,s9_t1_r2,3,in,4,3.363866,E1_LeeHJ
1,s1_t1_r2,1,ac,7,3.7770913,E1_LeeYS
1,s1_t1_r2,2,ac,6,2.9818898,E1_LeeYS
1,s1_t1_r2,3,ac,6,2.3103248,E1_LeeYS
1,s10_t1_r2,1,ac,3,3.1281392,E1_LeeYS
1,s10_t1_r2,2,ac,3,3.8243042,E1_LeeYS
1,s10_t1_r2,3,ac,4,4.030868,E1_LeeYS
1,s2_t1_r2,1,ac,6,3.6053252,E1_LeeYS
1,s2_t1_r2,2,ac,6,1.835142,E1_LeeYS
1,s2_t1_r2,3,ac,6,2.6000136,E1_LeeYS
1,s3_t1_r2,1,ac,1,2.5541867,E1_LeeYS
1,s3_t1_r2,2,ac,3,2.9974683,E1_LeeYS
1,s3_t1_r2,3,ac,2,1.5538882,E1_LeeYS
1,s4_t1_r2,1,ac,3,2.9837084,E1_LeeYS
1,s4_t1_r2,2,ac,1,2.7052496,E1_LeeYS
1,s4_t1_r2,3,ac,2,4.1040564,E1_LeeYS
1,s5_t1_r2,1,ac,2,7.2360619,E1_LeeYS
1,s5_t1_r2,2,ac,3,2.6574771,E1_LeeYS
1,s5_t1_r2,3,ac,4,2.1098628,E1_LeeYS
1,s6_t1_r2,1,ac,3,3.658079,E1_LeeYS
1,s6_t1_r2,2,ac,3,4.0507553,E1_LeeYS
1,s6_t1_r2,3,ac,3,3.0512116,E1_LeeYS
1,s7_t1_r2,1,ac,5,4.2408421,E1_LeeYS
1,s7_t1_r2,2,ac,4,3.0659917,E1_LeeYS
1,s7_t1_r2,3,ac,4,1.4244384,E1_LeeYS
1,s8_t1_r2,1,ac,7,3.7153725,E1_LeeYS
1,s8_t1_r2,2,ac,6,2.8010988,E1_LeeYS
1,s8_t1_r2,3,ac,6,2.6762282,E1_LeeYS
1,s9_t1_r2,1,ac,4,5.3960238,E1_LeeYS
1,s9_t1_r2,2,ac,4,2.9441827,E1_LeeYS
1,s9_t1_r2,3,ac,5,2.9242898,E1_LeeYS
1,s1_t1_r2,1,comp,5,16.542771,E1_LeeYS
1,s1_t1_r2,2,comp,6,6.4547364,E1_LeeYS
1,s1_t1_r2,3,comp,6,6.603608,E1_LeeYS
1,s10_t1_r2,1,comp,4,6.3323856,E1_LeeYS
1,s10_t1_r2,2,comp,4,4.7483706,E1_LeeYS
1,s10_t1_r2,3,comp,3,5.475367,E1_LeeYS
1,s2_t1_r2,1,comp,5,7.7677325,E1_LeeYS
1,s2_t1_r2,2,comp,6,8.669336,E1_LeeYS
1,s2_t1_r2,3,comp,5,6.8398592,E1_LeeYS
1,s3_t1_r2,1,comp,3,10.2269294,E1_LeeYS
1,s3_t1_r2,2,comp,4,5.1502814,E1_LeeYS
1,s3_t1_r2,3,comp,4,4.6254841,E1_LeeYS
1,s4_t1_r2,1,comp,3,8.4667814,E1_LeeYS
1,s4_t1_r2,2,comp,4,5.7544314,E1_LeeYS
1,s4_t1_r2,3,comp,3,5.1503443,E1_LeeYS
1,s5_t1_r2,1,comp,4,11.3796485,E1_LeeYS
1,s5_t1_r2,2,comp,4,10.058823,E1_LeeYS
1,s5_t1_r2,3,comp,3,10.066877,E1_LeeYS
1,s6_t1_r2,1,comp,5,8.1349956,E1_LeeYS
1,s6_t1_r2,2,comp,7,1.1548527,E1_LeeYS
1,s6_t1_r2,3,comp,4,5.9545186,E1_LeeYS
1,s7_t1_r2,1,comp,4,7.2594713,E1_LeeYS
1,s7_t1_r2,2,comp,3,6.0697272,E1_LeeYS
1,s7_t1_r2,3,comp,4,5.334799,E1_LeeYS
1,s8_t1_r2,1,comp,7,1.5424254,E1_LeeYS
1,s8_t1_r2,2,comp,7,5.4569601,E1_LeeYS
1,s8_t1_r2,3,comp,6,4.7040333,E1_LeeYS
1,s9_t1_r2,1,comp,5,7.0494062,E1_LeeYS
1,s9_t1_r2,2,comp,5,6.3318742,E1_LeeYS
1,s9_t1_r2,3,comp,5,4.7660343,E1_LeeYS
1,s1_t1_r2,1,fl,5,4.1615143,E1_LeeYS
1,s1_t1_r2,2,fl,6,5.2027662,E1_LeeYS
1,s1_t1_r2,3,fl,6,4.9056157,E1_LeeYS
1,s10_t1_r2,1,fl,3,3.8998309,E1_LeeYS
1,s10_t1_r2,2,fl,4,3.8645044,E1_LeeYS
1,s10_t1_r2,3,fl,4,3.6507661,E1_LeeYS
1,s2_t1_r2,1,fl,6,6.5402548,E1_LeeYS
1,s2_t1_r2,2,fl,5,4.8176688,E1_LeeYS
1,s2_t1_r2,3,fl,6,4.127267,E1_LeeYS
1,s3_t1_r2,1,fl,1,4.6782498,E1_LeeYS
1,s3_t1_r2,2,fl,2,4.2329893,E1_LeeYS
1,s3_t1_r2,3,fl,2,2.6322394,E1_LeeYS
1,s4_t1_r2,1,fl,1,4.5030659,E1_LeeYS
1,s4_t1_r2,2,fl,2,3.5494674,E1_LeeYS
1,s4_t1_r2,3,fl,2,3.5052857,E1_LeeYS
1,s5_t1_r2,1,fl,4,8.1342141,E1_LeeYS
1,s5_t1_r2,2,fl,3,3.8913854,E1_LeeYS
1,s5_t1_r2,3,fl,4,3.6183663,E1_LeeYS
1,s6_t1_r2,1,fl,4,4.7562626,E1_LeeYS
1,s6_t1_r2,2,fl,4,3.9845908,E1_LeeYS
1,s6_t1_r2,3,fl,3,4.1515986,E1_LeeYS
1,s7_t1_r2,1,fl,3,3.9081527,E1_LeeYS
1,s7_t1_r2,2,fl,4,4.2235703,E1_LeeYS
1,s7_t1_r2,3,fl,4,1.6743983,E1_LeeYS
1,s8_t1_r2,1,fl,7,4.1096354,E1_LeeYS
1,s8_t1_r2,2,fl,7,3.7514263,E1_LeeYS
1,s8_t1_r2,3,fl,7,3.287676,E1_LeeYS
1,s9_t1_r2,1,fl,3,4.1619839,E1_LeeYS
1,s9_t1_r2,2,fl,4,3.9442799,E1_LeeYS
1,s9_t1_r2,3,fl,4,3.436524,E1_LeeYS
1,s1_t1_r2,1,in,7,3.3874298,E1_LeeYS
1,s1_t1_r2,2,in,7,3.594543,E1_LeeYS
1,s1_t1_r2,3,in,6,3.6463359,E1_LeeYS
1,s10_t1_r2,1,in,3,2.8979981,E1_LeeYS
1,s10_t1_r2,2,in,4,2.9397471,E1_LeeYS
1,s10_t1_r2,3,in,3,1.5995069,E1_LeeYS
1,s2_t1_r2,1,in,7,3.2690195,E1_LeeYS
1,s2_t1_r2,2,in,7,1.8017546,E1_LeeYS
1,s2_t1_r2,3,in,6,2.0234509,E1_LeeYS
1,s3_t1_r2,1,in,4,3.260371,E1_LeeYS
1,s3_t1_r2,2,in,4,3.2802102,E1_LeeYS
1,s3_t1_r2,3,in,3,1.6216139,E1_LeeYS
1,s4_t1_r2,1,in,3,3.3573264,E1_LeeYS
1,s4_t1_r2,2,in,3,2.2382864,E1_LeeYS
1,s4_t1_r2,3,in,3,1.1887598,E1_LeeYS
1,s5_t1_r2,1,in,3,6.403736,E1_LeeYS
1,s5_t1_r2,2,in,3,3.0328549,E1_LeeYS
1,s5_t1_r2,3,in,3,3.7451532,E1_LeeYS
1,s6_t1_r2,1,in,4,5.3523057,E1_LeeYS
1,s6_t1_r2,2,in,3,2.7208424,E1_LeeYS
1,s6_t1_r2,3,in,3,2.6828262,E1_LeeYS
1,s7_t1_r2,1,in,4,3.0596436,E1_LeeYS
1,s7_t1_r2,2,in,3,3.9069531,E1_LeeYS
1,s7_t1_r2,3,in,4,2.018266,E1_LeeYS
1,s8_t1_r2,1,in,7,2.6784414,E1_LeeYS
1,s8_t1_r2,2,in,7,2.8992716,E1_LeeYS
1,s8_t1_r2,3,in,6,3.042059,E1_LeeYS
1,s9_t1_r2,1,in,3,3.2872417,E1_LeeYS
1,s9_t1_r2,2,in,4,2.9981146,E1_LeeYS
1,s9_t1_r2,3,in,5,4.2761169,E1_LeeYS
1,s1_t1_r2,1,ac,3,5.7232484,E1_SungYW
1,s1_t1_r2,2,ac,3,3.6779653,E1_SungYW
1,s1_t1_r2,3,ac,3,2.5983232,E1_SungYW
1,s10_t1_r2,1,ac,3,4.0151705,E1_SungYW
1,s10_t1_r2,2,ac,3,6.5917174,E1_SungYW
1,s10_t1_r2,3,ac,4,2.2967524,E1_SungYW
1,s2_t1_r2,1,ac,6,3.6981371,E1_SungYW
1,s2_t1_r2,2,ac,6,3.3512755,E1_SungYW
1,s2_t1_r2,3,ac,6,3.3888893,E1_SungYW
1,s3_t1_r2,1,ac,3,2.8489258,E1_SungYW
1,s3_t1_r2,2,ac,3,2.8232705,E1_SungYW
1,s3_t1_r2,3,ac,3,2.9097947,E1_SungYW
1,s4_t1_r2,1,ac,2,3.9255341,E1_SungYW
1,s4_t1_r2,2,ac,3,2.9069524,E1_SungYW
1,s4_t1_r2,3,ac,3,1.3721156,E1_SungYW
1,s5_t1_r2,1,ac,3,7.5239685,E1_SungYW
1,s5_t1_r2,2,ac,3,7.8478596,E1_SungYW
1,s5_t1_r2,3,ac,3,7.3472091,E1_SungYW
1,s6_t1_r2,1,ac,4,7.653179,E1_SungYW
1,s6_t1_r2,2,ac,4,3.9588431,E1_SungYW
1,s6_t1_r2,3,ac,4,2.4967707,E1_SungYW
1,s7_t1_r2,1,ac,3,3.1378295,E1_SungYW
1,s7_t1_r2,2,ac,3,3.0239515,E1_SungYW
1,s7_t1_r2,3,ac,3,2.3795578,E1_SungYW
1,s8_t1_r2,1,ac,5,3.2537688,E1_SungYW
1,s8_t1_r2,2,ac,5,2.9201087,E1_SungYW
1,s8_t1_r2,3,ac,5,1.6406846,E1_SungYW
1,s9_t1_r2,1,ac,5,3.2265188,E1_SungYW
1,s9_t1_r2,2,ac,5,2.8995303,E1_SungYW
1,s9_t1_r2,3,ac,5,2.9103327,E1_SungYW
1,s1_t1_r2,1,comp,4,13.3480796,E1_SungYW
1,s1_t1_r2,2,comp,3,5.9753036,E1_SungYW
1,s1_t1_r2,3,comp,3,4.3021747,E1_SungYW
1,s10_t1_r2,1,comp,5,7.4594718,E1_SungYW
1,s10_t1_r2,2,comp,5,4.7342301,E1_SungYW
1,s10_t1_r2,3,comp,5,4.7760251,E1_SungYW
1,s2_t1_r2,1,comp,6,5.3385649,E1_SungYW
1,s2_t1_r2,2,comp,6,4.4751093,E1_SungYW
1,s2_t1_r2,3,comp,6,3.639325,E1_SungYW
1,s3_t1_r2,1,comp,3,3.9332853,E1_SungYW
1,s3_t1_r2,2,comp,3,3.5935412,E1_SungYW
1,s3_t1_r2,3,comp,3,4.280125,E1_SungYW
1,s4_t1_r2,1,comp,4,13.7061159,E1_SungYW
1,s4_t1_r2,2,comp,4,3.9898518,E1_SungYW
1,s4_t1_r2,3,comp,3,4.1902386,E1_SungYW
1,s5_t1_r2,1,comp,5,14.3044312,E1_SungYW
1,s5_t1_r2,2,comp,5,8.653505,E1_SungYW
1,s5_t1_r2,3,comp,4,8.51875,E1_SungYW
1,s6_t1_r2,1,comp,3,5.7835449,E1_SungYW
1,s6_t1_r2,2,comp,3,7.5352639,E1_SungYW
1,s6_t1_r2,3,comp,5,4.3292992,E1_SungYW
1,s7_t1_r2,1,comp,6,8.3011064,E1_SungYW
1,s7_t1_r2,2,comp,3,4.4400472,E1_SungYW
1,s7_t1_r2,3,comp,3,3.6470354,E1_SungYW
1,s8_t1_r2,1,comp,6,5.6038433,E1_SungYW
1,s8_t1_r2,2,comp,7,4.2303807,E1_SungYW
1,s8_t1_r2,3,comp,6,3.5282862,E1_SungYW
1,s9_t1_r2,1,comp,5,8.6022429,E1_SungYW
1,s9_t1_r2,2,comp,6,3.67524,E1_SungYW
1,s9_t1_r2,3,comp,6,3.2434767,E1_SungYW
1,s1_t1_r2,1,fl,4,6.0425232,E1_SungYW
1,s1_t1_r2,2,fl,3,4.1830352,E1_SungYW
1,s1_t1_r2,3,fl,3,4.298288,E1_SungYW
1,s10_t1_r2,1,fl,3,3.8893268,E1_SungYW
1,s10_t1_r2,2,fl,4,3.1129305,E1_SungYW
1,s10_t1_r2,3,fl,4,5.207576,E1_SungYW
1,s2_t1_r2,1,fl,6,4.6970481,E1_SungYW
1,s2_t1_r2,2,fl,6,3.4610313,E1_SungYW
1,s2_t1_r2,3,fl,6,3.4081719,E1_SungYW
1,s3_t1_r2,1,fl,3,5.7661362,E1_SungYW
1,s3_t1_r2,2,fl,3,4.5518558,E1_SungYW
1,s3_t1_r2,3,fl,3,2.9950409,E1_SungYW
1,s4_t1_r2,1,fl,3,3.0401625,E1_SungYW
1,s4_t1_r2,2,fl,3,3.0880953,E1_SungYW
1,s4_t1_r2,3,fl,3,3.089955,E1_SungYW
1,s5_t1_r2,1,fl,3,8.8648767,E1_SungYW
1,s5_t1_r2,2,fl,3,8.9133682,E1_SungYW
1,s5_t1_r2,3,fl,3,7.2867328,E1_SungYW
1,s6_t1_r2,1,fl,4,4.6676077,E1_SungYW
1,s6_t1_r2,2,fl,4,3.800091,E1_SungYW
1,s6_t1_r2,3,fl,4,3.5434434,E1_SungYW
1,s7_t1_r2,1,fl,3,3.4871416,E1_SungYW
1,s7_t1_r2,2,fl,3,3.2033483,E1_SungYW
1,s7_t1_r2,3,fl,3,3.0569459,E1_SungYW
1,s8_t1_r2,1,fl,5,3.5932156,E1_SungYW
1,s8_t1_r2,2,fl,4,3.3345591,E1_SungYW
1,s8_t1_r2,3,fl,5,3.0771928,E1_SungYW
1,s9_t1_r2,1,fl,4,4.4496651,E1_SungYW
1,s9_t1_r2,2,fl,4,4.3064168,E1_SungYW
1,s9_t1_r2,3,fl,4,3.2039948,E1_SungYW
1,s1_t1_r2,1,in,3,4.5522302,E1_SungYW
1,s1_t1_r2,2,in,4,3.7531089,E1_SungYW
1,s1_t1_r2,3,in,4,3.6688363,E1_SungYW
1,s10_t1_r2,1,in,4,3.3087146,E1_SungYW
1,s10_t1_r2,2,in,5,2.8512907,E1_SungYW
1,s10_t1_r2,3,in,5,3.6233831,E1_SungYW
1,s2_t1_r2,1,in,6,4.2291708,E1_SungYW
1,s2_t1_r2,2,in,6,3.5041021,E1_SungYW
1,s2_t1_r2,3,in,6,3.2682848,E1_SungYW
1,s3_t1_r2,1,in,4,2.9613576,E1_SungYW
1,s3_t1_r2,2,in,5,2.8754973,E1_SungYW
1,s3_t1_r2,3,in,4,2.8832711,E1_SungYW
1,s4_t1_r2,1,in,5,3.0057373,E1_SungYW
1,s4_t1_r2,2,in,5,3.1486101,E1_SungYW
1,s4_t1_r2,3,in,5,3.190032,E1_SungYW
1,s5_t1_r2,1,in,4,8.4601281,E1_SungYW
1,s5_t1_r2,2,in,4,8.0661235,E1_SungYW
1,s5_t1_r2,3,in,5,7.8570651,E1_SungYW
1,s6_t1_r2,1,in,5,3.7984758,E1_SungYW
1,s6_t1_r2,2,in,5,3.6972986,E1_SungYW
1,s6_t1_r2,3,in,4,3.9792342,E1_SungYW
1,s7_t1_r2,1,in,5,3.7864035,E1_SungYW
1,s7_t1_r2,2,in,5,3.7434154,E1_SungYW
1,s7_t1_r2,3,in,4,3.0668935,E1_SungYW
1,s8_t1_r2,1,in,6,2.4899391,E1_SungYW
1,s8_t1_r2,2,in,6,2.7339133,E1_SungYW
1,s8_t1_r2,3,in,6,2.7137719,E1_SungYW
1,s9_t1_r2,1,in,6,3.3486706,E1_SungYW
1,s9_t1_r2,2,in,6,2.9330692,E1_SungYW
1,s9_t1_r2,3,in,6,2.8178052,E1_SungYW
1,s1_t1_r2,1,ac,5,-0.1277584,E1_YunYC
1,s1_t1_r2,2,ac,3,-0.1809235,E1_YunYC
1,s1_t1_r2,3,ac,6,-0.4185653,E1_YunYC
1,s10_t1_r2,1,ac,4,-0.0963191,E1_YunYC
1,s10_t1_r2,2,ac,3,2.8481775,E1_YunYC
1,s10_t1_r2,3,ac,4,0.0108101,E1_YunYC
1,s2_t1_r2,1,ac,4,-0.3365972,E1_YunYC
1,s2_t1_r2,2,ac,3,0.1923465,E1_YunYC
1,s2_t1_r2,3,ac,5,-0.2164494,E1_YunYC
1,s3_t1_r2,1,ac,4,-0.4189994,E1_YunYC
1,s3_t1_r2,2,ac,3,-0.3679301,E1_YunYC
1,s3_t1_r2,3,ac,3,-0.3781506,E1_YunYC
1,s4_t1_r2,1,ac,3,2.951425,E1_YunYC
1,s4_t1_r2,2,ac,2,-0.4183326,E1_YunYC
1,s4_t1_r2,3,ac,4,-0.2087486,E1_YunYC
1,s5_t1_r2,1,ac,1,-0.2233533,E1_YunYC
1,s5_t1_r2,2,ac,1,-0.4461861,E1_YunYC
1,s5_t1_r2,3,ac,1,-0.374706,E1_YunYC
1,s6_t1_r2,1,ac,2,-0.0481512,E1_YunYC
1,s6_t1_r2,2,ac,2,-0.3177159,E1_YunYC
1,s6_t1_r2,3,ac,4,0.0732583,E1_YunYC
1,s7_t1_r2,1,ac,3,-0.3777452,E1_YunYC
1,s7_t1_r2,2,ac,3,-0.1309513,E1_YunYC
1,s7_t1_r2,3,ac,4,-0.1982143,E1_YunYC
1,s8_t1_r2,1,ac,5,-0.2931322,E1_YunYC
1,s8_t1_r2,2,ac,4,-0.368707,E1_YunYC
1,s8_t1_r2,3,ac,5,0.1113783,E1_YunYC
1,s9_t1_r2,1,ac,3,-0.3111268,E1_YunYC
1,s9_t1_r2,2,ac,4,0.3247055,E1_YunYC
1,s9_t1_r2,3,ac,4,0.1111265,E1_YunYC
1,s1_t1_r2,1,comp,2,9.4264804,E1_YunYC
1,s1_t1_r2,2,comp,6,3.0729369,E1_YunYC
1,s1_t1_r2,3,comp,3,4.1518532,E1_YunYC
1,s10_t1_r2,1,comp,3,7.2379928,E1_YunYC
1,s10_t1_r2,2,comp,4,3.0235797,E1_YunYC
1,s10_t1_r2,3,comp,3,-0.0504642,E1_YunYC
1,s2_t1_r2,1,comp,6,-0.0384667,E1_YunYC
1,s2_t1_r2,2,comp,7,3.855523,E1_YunYC
1,s2_t1_r2,3,comp,2,2.1627734,E1_YunYC
1,s3_t1_r2,1,comp,3,1.0591301,E1_YunYC
1,s3_t1_r2,2,comp,2,2.8010269,E1_YunYC
1,s3_t1_r2,3,comp,3,10.2036718,E1_YunYC
1,s4_t1_r2,1,comp,1,7.0787275,E1_YunYC
1,s4_t1_r2,2,comp,4,2.9916331,E1_YunYC
1,s4_t1_r2,3,comp,2,-0.3904495,E1_YunYC
1,s5_t1_r2,1,comp,2,7.6788024,E1_YunYC
1,s5_t1_r2,2,comp,3,4.9144355,E1_YunYC
1,s5_t1_r2,3,comp,1,2.7446173,E1_YunYC
1,s6_t1_r2,1,comp,6,22.0793559,E1_YunYC
1,s6_t1_r2,2,comp,1,2.6727291,E1_YunYC
1,s6_t1_r2,3,comp,2,1.3924554,E1_YunYC
1,s7_t1_r2,1,comp,4,-0.1843373,E1_YunYC
1,s7_t1_r2,2,comp,4,3.0608749,E1_YunYC
1,s7_t1_r2,3,comp,2,1.7900547,E1_YunYC
1,s8_t1_r2,1,comp,6,2.9022279,E1_YunYC
1,s8_t1_r2,2,comp,4,3.0160511,E1_YunYC
1,s8_t1_r2,3,comp,7,2.9716101,E1_YunYC
1,s9_t1_r2,1,comp,5,0.7189878,E1_YunYC
1,s9_t1_r2,2,comp,5,6.1811495,E1_YunYC
1,s9_t1_r2,3,comp,4,-0.1844017,E1_YunYC
1,s1_t1_r2,1,fl,5,6.4712991,E1_YunYC
1,s1_t1_r2,2,fl,5,0.8425083,E1_YunYC
1,s1_t1_r2,3,fl,4,-0.3158433,E1_YunYC
1,s10_t1_r2,1,fl,4,4.8208818,E1_YunYC
1,s10_t1_r2,2,fl,4,3.0076894,E1_YunYC
1,s10_t1_r2,3,fl,4,2.911323,E1_YunYC
1,s2_t1_r2,1,fl,5,4.2315857,E1_YunYC
1,s2_t1_r2,2,fl,4,0.613074,E1_YunYC
1,s2_t1_r2,3,fl,6,2.2015247,E1_YunYC
1,s3_t1_r2,1,fl,3,1.8800749,E1_YunYC
1,s3_t1_r2,2,fl,3,-0.3376247,E1_YunYC
1,s3_t1_r2,3,fl,3,1.3908448,E1_YunYC
1,s4_t1_r2,1,fl,3,2.7618329,E1_YunYC
1,s4_t1_r2,2,fl,3,1.0115344,E1_YunYC
1,s4_t1_r2,3,fl,4,0.4576169,E1_YunYC
1,s5_t1_r2,1,fl,2,2.5242626,E1_YunYC
1,s5_t1_r2,2,fl,2,1.7240689,E1_YunYC
1,s5_t1_r2,3,fl,1,1.6943052,E1_YunYC
1,s6_t1_r2,1,fl,2,0.2253348,E1_YunYC
1,s6_t1_r2,2,fl,3,0.8723908,E1_YunYC
1,s6_t1_r2,3,fl,2,3.0225921,E1_YunYC
1,s7_t1_r2,1,fl,4,3.4527195,E1_YunYC
1,s7_t1_r2,2,fl,4,-0.253621,E1_YunYC
1,s7_t1_r2,3,fl,4,-0.3090921,E1_YunYC
1,s8_t1_r2,1,fl,5,9.7368249,E1_YunYC
1,s8_t1_r2,2,fl,5,2.3019015,E1_YunYC
1,s8_t1_r2,3,fl,5,0.1345738,E1_YunYC
1,s9_t1_r2,1,fl,4,0.363962,E1_YunYC
1,s9_t1_r2,2,fl,4,2.5816272,E1_YunYC
1,s9_t1_r2,3,fl,5,0.8286379,E1_YunYC
1,s1_t1_r2,1,in,4,3.5736475,E1_YunYC
1,s1_t1_r2,2,in,3,4.3993957,E1_YunYC
1,s1_t1_r2,3,in,3,0.1303357,E1_YunYC
1,s10_t1_r2,1,in,6,5.7255722,E1_YunYC
1,s10_t1_r2,2,in,5,5.0876726,E1_YunYC
1,s10_t1_r2,3,in,6,1.5004557,E1_YunYC
1,s2_t1_r2,1,in,3,8.2000883,E1_YunYC
1,s2_t1_r2,2,in,5,1.3909866,E1_YunYC
1,s2_t1_r2,3,in,5,-0.0605554,E1_YunYC
1,s3_t1_r2,1,in,3,0.1320148,E1_YunYC
1,s3_t1_r2,2,in,3,2.9019797,E1_YunYC
1,s3_t1_r2,3,in,2,0.4562845,E1_YunYC
1,s4_t1_r2,1,in,3,3.0619798,E1_YunYC
1,s4_t1_r2,2,in,2,2.9708772,E1_YunYC
1,s4_t1_r2,3,in,3,1.2323277,E1_YunYC
1,s5_t1_r2,1,in,1,2.0332052,E1_YunYC
1,s5_t1_r2,2,in,1,2.049947,E1_YunYC
1,s5_t1_r2,3,in,1,-0.1414709,E1_YunYC
1,s6_t1_r2,1,in,1,1.6120178,E1_YunYC
1,s6_t1_r2,2,in,1,1.8726332,E1_YunYC
1,s6_t1_r2,3,in,2,2.3274625,E1_YunYC
1,s7_t1_r2,1,in,3,3.1508453,E1_YunYC
1,s7_t1_r2,2,in,3,3.3839131,E1_YunYC
1,s7_t1_r2,3,in,3,1.2385882,E1_YunYC
1,s8_t1_r2,1,in,5,2.861992,E1_YunYC
1,s8_t1_r2,2,in,4,3.1595187,E1_YunYC
1,s8_t1_r2,3,in,5,0.8753588,E1_YunYC
1,s9_t1_r2,1,in,4,7.1290774,E1_YunYC
1,s9_t1_r2,2,in,5,2.8720303,E1_YunYC
1,s9_t1_r2,3,in,4,3.3013322,E1_YunYC
2,s1_t2_r2,1,ac,5,2.903797029,E2_BaeYJ
2,s1_t2_r2,2,ac,4,0.48050887,E2_BaeYJ
2,s1_t2_r2,3,ac,4,0.469644223,E2_BaeYJ
2,s10_t2_r2,1,ac,2,1.500311628,E2_BaeYJ
2,s10_t2_r2,2,ac,3,0.905448336,E2_BaeYJ
2,s10_t2_r2,3,ac,3,0.368524282,E2_BaeYJ
2,s2_t2_r2,1,ac,5,1.684644008,E2_BaeYJ
2,s2_t2_r2,2,ac,5,1.937556971,E2_BaeYJ
2,s2_t2_r2,3,ac,5,0.07886985,E2_BaeYJ
2,s3_t2_r2,1,ac,1,1.715158388,E2_BaeYJ
2,s3_t2_r2,2,ac,1,1.037387456,E2_BaeYJ
2,s3_t2_r2,3,ac,1,0.565482006,E2_BaeYJ
2,s4_t2_r2,1,ac,3,0.68128556,E2_BaeYJ
2,s4_t2_r2,2,ac,2,1.015663102,E2_BaeYJ
2,s4_t2_r2,3,ac,2,0.708999073,E2_BaeYJ
2,s5_t2_r2,1,ac,2,1.579308613,E2_BaeYJ
2,s5_t2_r2,2,ac,2,0.8726619,E2_BaeYJ
2,s5_t2_r2,3,ac,2,0.621117027,E2_BaeYJ
2,s6_t2_r2,1,ac,2,1.246223307,E2_BaeYJ
2,s6_t2_r2,2,ac,2,2.848142831,E2_BaeYJ
2,s6_t2_r2,3,ac,1,0.719578872,E2_BaeYJ
2,s7_t2_r2,1,ac,3,1.10039485,E2_BaeYJ
2,s7_t2_r2,2,ac,2,0.307965117,E2_BaeYJ
2,s7_t2_r2,3,ac,1,0.59632163,E2_BaeYJ
2,s8_t2_r2,1,ac,2,0.517749545,E2_BaeYJ
2,s8_t2_r2,2,ac,2,0.699387754,E2_BaeYJ
2,s8_t2_r2,3,ac,2,-0.010328279,E2_BaeYJ
2,s9_t2_r2,1,ac,3,8.908175177,E2_BaeYJ
2,s9_t2_r2,2,ac,4,0.481052937,E2_BaeYJ
2,s9_t2_r2,3,ac,4,1.293271331,E2_BaeYJ
2,s1_t2_r2,1,comp,3,4.725126203,E2_BaeYJ
2,s1_t2_r2,2,comp,3,3.839706146,E2_BaeYJ
2,s1_t2_r2,3,comp,3,4.19247247,E2_BaeYJ
2,s10_t2_r2,1,comp,4,2.971159353,E2_BaeYJ
2,s10_t2_r2,2,comp,2,3.374800042,E2_BaeYJ
2,s10_t2_r2,3,comp,3,3.283486238,E2_BaeYJ
2,s2_t2_r2,1,comp,4,5.907973678,E2_BaeYJ
2,s2_t2_r2,2,comp,4,2.912892754,E2_BaeYJ
2,s2_t2_r2,3,comp,3,3.360132617,E2_BaeYJ
2,s3_t2_r2,1,comp,2,3.355257216,E2_BaeYJ
2,s3_t2_r2,2,comp,2,2.726972061,E2_BaeYJ
2,s3_t2_r2,3,comp,2,2.10656128,E2_BaeYJ
2,s4_t2_r2,1,comp,3,3.182093685,E2_BaeYJ
2,s4_t2_r2,2,comp,2,3.269903513,E2_BaeYJ
2,s4_t2_r2,3,comp,3,3.062712252,E2_BaeYJ
2,s5_t2_r2,1,comp,2,6.789434508,E2_BaeYJ
2,s5_t2_r2,2,comp,3,4.754127706,E2_BaeYJ
2,s5_t2_r2,3,comp,2,4.854220242,E2_BaeYJ
2,s6_t2_r2,1,comp,4,3.556506708,E2_BaeYJ
2,s6_t2_r2,2,comp,3,3.006403155,E2_BaeYJ
2,s6_t2_r2,3,comp,4,0.610913747,E2_BaeYJ
2,s7_t2_r2,1,comp,2,8.517961558,E2_BaeYJ
2,s7_t2_r2,2,comp,3,2.748309121,E2_BaeYJ
2,s7_t2_r2,3,comp,2,2.357518751,E2_BaeYJ
2,s8_t2_r2,1,comp,3,-0.020626978,E2_BaeYJ
2,s8_t2_r2,2,comp,2,3.289314164,E2_BaeYJ
2,s8_t2_r2,3,comp,2,2.995572753,E2_BaeYJ
2,s9_t2_r2,1,comp,3,2.8437201,E2_BaeYJ
2,s9_t2_r2,2,comp,3,3.09022528,E2_BaeYJ
2,s9_t2_r2,3,comp,5,2.642558339,E2_BaeYJ
2,s1_t2_r2,1,fl,3,3.572185177,E2_BaeYJ
2,s1_t2_r2,2,fl,3,3.322522625,E2_BaeYJ
2,s1_t2_r2,3,fl,5,1.787314389,E2_BaeYJ
2,s10_t2_r2,1,fl,4,1.249764047,E2_BaeYJ
2,s10_t2_r2,2,fl,2,0.463250386,E2_BaeYJ
2,s10_t2_r2,3,fl,4,1.954930343,E2_BaeYJ
2,s2_t2_r2,1,fl,3,2.671347675,E2_BaeYJ
2,s2_t2_r2,2,fl,5,2.870295595,E2_BaeYJ
2,s2_t2_r2,3,fl,5,1.802346209,E2_BaeYJ
2,s3_t2_r2,1,fl,2,1.32144275,E2_BaeYJ
2,s3_t2_r2,2,fl,1,1.163926671,E2_BaeYJ
2,s3_t2_r2,3,fl,1,2.077195996,E2_BaeYJ
2,s4_t2_r2,1,fl,2,1.504438768,E2_BaeYJ
2,s4_t2_r2,2,fl,3,1.008709385,E2_BaeYJ
2,s4_t2_r2,3,fl,3,1.27218416,E2_BaeYJ
2,s5_t2_r2,1,fl,2,11.58153074,E2_BaeYJ
2,s5_t2_r2,2,fl,2,1.489552392,E2_BaeYJ
2,s5_t2_r2,3,fl,2,1.628348321,E2_BaeYJ
2,s6_t2_r2,1,fl,4,1.654144677,E2_BaeYJ
2,s6_t2_r2,2,fl,1,4.07084674,E2_BaeYJ
2,s6_t2_r2,3,fl,1,2.355402635,E2_BaeYJ
2,s7_t2_r2,1,fl,1,1.987053282,E2_BaeYJ
2,s7_t2_r2,2,fl,2,11.51955133,E2_BaeYJ
2,s7_t2_r2,3,fl,1,0.76790531,E2_BaeYJ
2,s8_t2_r2,1,fl,3,1.878397311,E2_BaeYJ
2,s8_t2_r2,2,fl,1,3.285685131,E2_BaeYJ
2,s8_t2_r2,3,fl,1,2.073296512,E2_BaeYJ
2,s9_t2_r2,1,fl,3,5.031397143,E2_BaeYJ
2,s9_t2_r2,2,fl,4,0.657711131,E2_BaeYJ
2,s9_t2_r2,3,fl,4,2.405028629,E2_BaeYJ
2,s1_t2_r2,1,in,5,0.614767166,E2_BaeYJ
2,s1_t2_r2,2,in,5,-0.220269768,E2_BaeYJ
2,s1_t2_r2,3,in,5,-0.143332421,E2_BaeYJ
2,s10_t2_r2,1,in,2,0.245488583,E2_BaeYJ
2,s10_t2_r2,2,in,2,0.151969923,E2_BaeYJ
2,s10_t2_r2,3,in,2,0.11697061,E2_BaeYJ
2,s2_t2_r2,1,in,5,0.094926108,E2_BaeYJ
2,s2_t2_r2,2,in,5,-0.22688151,E2_BaeYJ
2,s2_t2_r2,3,in,5,0.045315856,E2_BaeYJ
2,s3_t2_r2,1,in,1,5.346962582,E2_BaeYJ
2,s3_t2_r2,2,in,1,1.173307174,E2_BaeYJ
2,s3_t2_r2,3,in,1,-0.064125711,E2_BaeYJ
2,s4_t2_r2,1,in,3,0.015507878,E2_BaeYJ
2,s4_t2_r2,2,in,3,0.180754445,E2_BaeYJ
2,s4_t2_r2,3,in,2,0.480384114,E2_BaeYJ
2,s5_t2_r2,1,in,2,1.527987689,E2_BaeYJ
2,s5_t2_r2,2,in,2,0.315948914,E2_BaeYJ
2,s5_t2_r2,3,in,2,0.063658579,E2_BaeYJ
2,s6_t2_r2,1,in,1,0.415263597,E2_BaeYJ
2,s6_t2_r2,2,in,1,0.002856489,E2_BaeYJ
2,s6_t2_r2,3,in,2,-0.000574651,E2_BaeYJ
2,s7_t2_r2,1,in,2,1.576239371,E2_BaeYJ
2,s7_t2_r2,2,in,1,-0.014579517,E2_BaeYJ
2,s7_t2_r2,3,in,2,0.002983857,E2_BaeYJ
2,s8_t2_r2,1,in,2,0.156972686,E2_BaeYJ
2,s8_t2_r2,2,in,2,0.723582596,E2_BaeYJ
2,s8_t2_r2,3,in,2,0.13805723,E2_BaeYJ
2,s9_t2_r2,1,in,4,-0.094453536,E2_BaeYJ
2,s9_t2_r2,2,in,5,-0.113320009,E2_BaeYJ
2,s9_t2_r2,3,in,5,-0.23501687,E2_BaeYJ
2,s1_t2_r2,1,ac,6,1.5046763,E2_HanSS
2,s1_t2_r2,2,ac,6,0.3826853,E2_HanSS
2,s1_t2_r2,3,ac,6,1.7759653,E2_HanSS
2,s10_t2_r2,1,ac,2,1.4997831,E2_HanSS
2,s10_t2_r2,2,ac,3,-0.0137931,E2_HanSS
2,s10_t2_r2,3,ac,3,0.2561797,E2_HanSS
2,s2_t2_r2,1,ac,6,4.9580206,E2_HanSS
2,s2_t2_r2,2,ac,6,0.2852501,E2_HanSS
2,s2_t2_r2,3,ac,6,2.6529755,E2_HanSS
2,s3_t2_r2,1,ac,2,1.8681697,E2_HanSS
2,s3_t2_r2,2,ac,2,2.5456281,E2_HanSS
2,s3_t2_r2,3,ac,2,1.0455059,E2_HanSS
2,s4_t2_r2,1,ac,3,2.0980935,E2_HanSS
2,s4_t2_r2,2,ac,4,0.2525677,E2_HanSS
2,s4_t2_r2,3,ac,3,3.1824788,E2_HanSS
2,s5_t2_r2,1,ac,2,1.6103278,E2_HanSS
2,s5_t2_r2,2,ac,2,2.8021866,E2_HanSS
2,s5_t2_r2,3,ac,2,4.4926382,E2_HanSS
2,s6_t2_r2,1,ac,2,6.1798998,E2_HanSS
2,s6_t2_r2,2,ac,3,1.4555419,E2_HanSS
2,s6_t2_r2,3,ac,3,2.9428637,E2_HanSS
2,s7_t2_r2,1,ac,3,0.2257097,E2_HanSS
2,s7_t2_r2,2,ac,3,1.3153485,E2_HanSS
2,s7_t2_r2,3,ac,3,0.0817863,E2_HanSS
2,s8_t2_r2,1,ac,3,3.3916406,E2_HanSS
2,s8_t2_r2,2,ac,2,1.9955916,E2_HanSS
2,s8_t2_r2,3,ac,3,2.184364,E2_HanSS
2,s9_t2_r2,1,ac,4,0.8464945,E2_HanSS
2,s9_t2_r2,2,ac,4,0.8755464,E2_HanSS
2,s9_t2_r2,3,ac,4,1.0652041,E2_HanSS
2,s1_t2_r2,1,comp,3,8.4973723,E2_HanSS
2,s1_t2_r2,2,comp,6,5.6679599,E2_HanSS
2,s1_t2_r2,3,comp,6,4.7622913,E2_HanSS
2,s10_t2_r2,1,comp,3,3.661148,E2_HanSS
2,s10_t2_r2,2,comp,3,3.5682385,E2_HanSS
2,s10_t2_r2,3,comp,3,3.0112217,E2_HanSS
2,s2_t2_r2,1,comp,6,3.0615545,E2_HanSS
2,s2_t2_r2,2,comp,7,3.1481384,E2_HanSS
2,s2_t2_r2,3,comp,7,3.3112351,E2_HanSS
2,s3_t2_r2,1,comp,3,5.9566951,E2_HanSS
2,s3_t2_r2,2,comp,3,4.5546769,E2_HanSS
2,s3_t2_r2,3,comp,3,3.2143002,E2_HanSS
2,s4_t2_r2,1,comp,3,4.9600872,E2_HanSS
2,s4_t2_r2,2,comp,4,8.025581,E2_HanSS
2,s4_t2_r2,3,comp,5,3.556106,E2_HanSS
2,s5_t2_r2,1,comp,2,7.6077247,E2_HanSS
2,s5_t2_r2,2,comp,2,5.9999607,E2_HanSS
2,s5_t2_r2,3,comp,2,2.4476523,E2_HanSS
2,s6_t2_r2,1,comp,4,11.9861216,E2_HanSS
2,s6_t2_r2,2,comp,4,4.8152538,E2_HanSS
2,s6_t2_r2,3,comp,4,1.4893322,E2_HanSS
2,s7_t2_r2,1,comp,4,6.1638362,E2_HanSS
2,s7_t2_r2,2,comp,5,5.5022292,E2_HanSS
2,s7_t2_r2,3,comp,5,3.396645,E2_HanSS
2,s8_t2_r2,1,comp,3,0.7471607,E2_HanSS
2,s8_t2_r2,2,comp,3,3.8991768,E2_HanSS
2,s8_t2_r2,3,comp,3,3.5835362,E2_HanSS
2,s9_t2_r2,1,comp,5,5.7993411,E2_HanSS
2,s9_t2_r2,2,comp,5,3.0300963,E2_HanSS
2,s9_t2_r2,3,comp,5,4.0775802,E2_HanSS
2,s1_t2_r2,1,fl,7,6.9680769,E2_HanSS
2,s1_t2_r2,2,fl,6,2.8644891,E2_HanSS
2,s1_t2_r2,3,fl,7,2.2109812,E2_HanSS
2,s10_t2_r2,1,fl,2,3.1893545,E2_HanSS
2,s10_t2_r2,2,fl,3,4.137012,E2_HanSS
2,s10_t2_r2,3,fl,3,2.489368,E2_HanSS
2,s2_t2_r2,1,fl,6,2.3932142,E2_HanSS
2,s2_t2_r2,2,fl,7,1.3063661,E2_HanSS
2,s2_t2_r2,3,fl,7,2.6232044,E2_HanSS
2,s3_t2_r2,1,fl,2,3.2636383,E2_HanSS
2,s3_t2_r2,2,fl,2,3.1137089,E2_HanSS
2,s3_t2_r2,3,fl,3,0.5177642,E2_HanSS
2,s4_t2_r2,1,fl,4,3.6754512,E2_HanSS
2,s4_t2_r2,2,fl,4,0.8192302,E2_HanSS
2,s4_t2_r2,3,fl,5,3.0376611,E2_HanSS
2,s5_t2_r2,1,fl,2,2.4748118,E2_HanSS
2,s5_t2_r2,2,fl,2,1.9788968,E2_HanSS
2,s5_t2_r2,3,fl,2,1.0485143,E2_HanSS
2,s6_t2_r2,1,fl,2,2.2645156,E2_HanSS
2,s6_t2_r2,2,fl,3,1.4039866,E2_HanSS
2,s6_t2_r2,3,fl,3,0.3265058,E2_HanSS
2,s7_t2_r2,1,fl,3,3.1981653,E2_HanSS
2,s7_t2_r2,2,fl,4,1.0306212,E2_HanSS
2,s7_t2_r2,3,fl,3,0.3715833,E2_HanSS
2,s8_t2_r2,1,fl,3,2.671135,E2_HanSS
2,s8_t2_r2,2,fl,4,3.6421875,E2_HanSS
2,s8_t2_r2,3,fl,4,0.4322201,E2_HanSS
2,s9_t2_r2,1,fl,7,22.8667913,E2_HanSS
2,s9_t2_r2,2,fl,5,3.0036604,E2_HanSS
2,s9_t2_r2,3,fl,5,2.0121124,E2_HanSS
2,s1_t2_r2,1,in,7,2.3137034,E2_HanSS
2,s1_t2_r2,2,in,7,1.7594872,E2_HanSS
2,s1_t2_r2,3,in,7,1.4847371,E2_HanSS
2,s10_t2_r2,1,in,4,1.1237878,E2_HanSS
2,s10_t2_r2,2,in,4,2.6844601,E2_HanSS
2,s10_t2_r2,3,in,3,1.8779154,E2_HanSS
2,s2_t2_r2,1,in,7,1.7902191,E2_HanSS
2,s2_t2_r2,2,in,7,1.1467191,E2_HanSS
2,s2_t2_r2,3,in,7,2.8368553,E2_HanSS
2,s3_t2_r2,1,in,3,0.9683808,E2_HanSS
2,s3_t2_r2,2,in,3,2.7212823,E2_HanSS
2,s3_t2_r2,3,in,2,3.7554347,E2_HanSS
2,s4_t2_r2,1,in,4,1.7029263,E2_HanSS
2,s4_t2_r2,2,in,5,2.2379917,E2_HanSS
2,s4_t2_r2,3,in,4,3.9642756,E2_HanSS
2,s5_t2_r2,1,in,1,8.3702363,E2_HanSS
2,s5_t2_r2,2,in,2,1.5869068,E2_HanSS
2,s5_t2_r2,3,in,2,2.3506796,E2_HanSS
2,s6_t2_r2,1,in,4,1.5435573,E2_HanSS
2,s6_t2_r2,2,in,3,1.2668525,E2_HanSS
2,s6_t2_r2,3,in,3,1.3846187,E2_HanSS
2,s7_t2_r2,1,in,4,1.1146518,E2_HanSS
2,s7_t2_r2,2,in,4,0.8819813,E2_HanSS
2,s7_t2_r2,3,in,4,1.1406377,E2_HanSS
2,s8_t2_r2,1,in,4,1.6089502,E2_HanSS
2,s8_t2_r2,2,in,3,3.0335274,E2_HanSS
2,s8_t2_r2,3,in,5,0.6312584,E2_HanSS
2,s9_t2_r2,1,in,5,1.7886637,E2_HanSS
2,s9_t2_r2,2,in,5,2.0094854,E2_HanSS
2,s9_t2_r2,3,in,6,2.2227952,E2_HanSS
2,s1_t2_r2,1,ac,6,-0.4624242,E2_KimDH
2,s1_t2_r2,2,ac,6,-0.3877012,E2_KimDH
2,s1_t2_r2,3,ac,6,-0.3326957,E2_KimDH
2,s10_t2_r2,1,ac,6,-0.0806928,E2_KimDH
2,s10_t2_r2,2,ac,6,-0.4298685,E2_KimDH
2,s10_t2_r2,3,ac,6,0.0337985,E2_KimDH
2,s2_t2_r2,1,ac,6,-0.4404053,E2_KimDH
2,s2_t2_r2,2,ac,5,-0.3449525,E2_KimDH
2,s2_t2_r2,3,ac,6,-0.1431922,E2_KimDH
2,s3_t2_r2,1,ac,6,-0.429003,E2_KimDH
2,s3_t2_r2,2,ac,6,-0.4277166,E2_KimDH
2,s3_t2_r2,3,ac,6,-0.3645526,E2_KimDH
2,s4_t2_r2,1,ac,5,-0.3380191,E2_KimDH
2,s4_t2_r2,2,ac,5,-0.3319832,E2_KimDH
2,s4_t2_r2,3,ac,5,-0.485207,E2_KimDH
2,s5_t2_r2,1,ac,4,0.4964258,E2_KimDH
2,s5_t2_r2,2,ac,5,0.0271974,E2_KimDH
2,s5_t2_r2,3,ac,5,-0.0566048,E2_KimDH
2,s6_t2_r2,1,ac,6,-0.1235324,E2_KimDH
2,s6_t2_r2,2,ac,6,-0.2873587,E2_KimDH
2,s6_t2_r2,3,ac,6,0.1244664,E2_KimDH
2,s7_t2_r2,1,ac,5,-0.2760196,E2_KimDH
2,s7_t2_r2,2,ac,5,-0.2864776,E2_KimDH
2,s7_t2_r2,3,ac,6,-0.4146872,E2_KimDH
2,s8_t2_r2,1,ac,6,-0.4168758,E2_KimDH
2,s8_t2_r2,2,ac,6,0.1152131,E2_KimDH
2,s8_t2_r2,3,ac,6,-0.0054897,E2_KimDH
2,s9_t2_r2,1,ac,6,-0.3480937,E2_KimDH
2,s9_t2_r2,2,ac,6,-0.4150547,E2_KimDH
2,s9_t2_r2,3,ac,6,-0.1520377,E2_KimDH
2,s1_t2_r2,1,comp,6,-0.4781809,E2_KimDH
2,s1_t2_r2,2,comp,5,-0.4142737,E2_KimDH
2,s1_t2_r2,3,comp,5,-0.2124721,E2_KimDH
2,s10_t2_r2,1,comp,6,-0.4002765,E2_KimDH
2,s10_t2_r2,2,comp,6,-0.0754212,E2_KimDH
2,s10_t2_r2,3,comp,6,-0.2217233,E2_KimDH
2,s2_t2_r2,1,comp,6,-0.4247033,E2_KimDH
2,s2_t2_r2,2,comp,6,-0.4071352,E2_KimDH
2,s2_t2_r2,3,comp,6,-0.3407306,E2_KimDH
2,s3_t2_r2,1,comp,6,-0.4085622,E2_KimDH
2,s3_t2_r2,2,comp,6,-0.2864156,E2_KimDH
2,s3_t2_r2,3,comp,6,-0.4723521,E2_KimDH
2,s4_t2_r2,1,comp,5,-0.4344341,E2_KimDH
2,s4_t2_r2,2,comp,5,-0.1073249,E2_KimDH
2,s4_t2_r2,3,comp,6,0.2205774,E2_KimDH
2,s5_t2_r2,1,comp,5,-0.4243885,E2_KimDH
2,s5_t2_r2,2,comp,6,-0.3673077,E2_KimDH
2,s5_t2_r2,3,comp,6,-0.3197475,E2_KimDH
2,s6_t2_r2,1,comp,6,-0.3309057,E2_KimDH
2,s6_t2_r2,2,comp,6,-0.4480974,E2_KimDH
2,s6_t2_r2,3,comp,6,-0.4187855,E2_KimDH
2,s7_t2_r2,1,comp,4,-0.3882574,E2_KimDH
2,s7_t2_r2,2,comp,5,-0.431239,E2_KimDH
2,s7_t2_r2,3,comp,6,-0.2602086,E2_KimDH
2,s8_t2_r2,1,comp,6,6.3174077,E2_KimDH
2,s8_t2_r2,2,comp,6,-0.0608647,E2_KimDH
2,s8_t2_r2,3,comp,6,-0.4302921,E2_KimDH
2,s9_t2_r2,1,comp,6,-0.4203413,E2_KimDH
2,s9_t2_r2,2,comp,5,-0.0851253,E2_KimDH
2,s9_t2_r2,3,comp,6,-0.4047965,E2_KimDH
2,s1_t2_r2,1,fl,6,-0.4253133,E2_KimDH
2,s1_t2_r2,2,fl,6,-0.2285166,E2_KimDH
2,s1_t2_r2,3,fl,6,-0.2855185,E2_KimDH
2,s10_t2_r2,1,fl,5,-0.4638729,E2_KimDH
2,s10_t2_r2,2,fl,6,-0.4327872,E2_KimDH
2,s10_t2_r2,3,fl,6,-0.3895277,E2_KimDH
2,s2_t2_r2,1,fl,6,-0.1278761,E2_KimDH
2,s2_t2_r2,2,fl,6,0.2507796,E2_KimDH
2,s2_t2_r2,3,fl,6,-0.3229314,E2_KimDH
2,s3_t2_r2,1,fl,5,-0.3451235,E2_KimDH
2,s3_t2_r2,2,fl,5,-0.1617236,E2_KimDH
2,s3_t2_r2,3,fl,6,-0.2377109,E2_KimDH
2,s4_t2_r2,1,fl,5,-0.3029938,E2_KimDH
2,s4_t2_r2,2,fl,6,-0.3491718,E2_KimDH
2,s4_t2_r2,3,fl,6,-0.102567,E2_KimDH
2,s5_t2_r2,1,fl,4,-0.4380945,E2_KimDH
2,s5_t2_r2,2,fl,4,0.2054548,E2_KimDH
2,s5_t2_r2,3,fl,4,-0.4420421,E2_KimDH
2,s6_t2_r2,1,fl,6,-0.2231439,E2_KimDH
2,s6_t2_r2,2,fl,6,-0.3759849,E2_KimDH
2,s6_t2_r2,3,fl,6,-0.2692733,E2_KimDH
2,s7_t2_r2,1,fl,5,-0.5242411,E2_KimDH
2,s7_t2_r2,2,fl,5,-0.4233319,E2_KimDH
2,s7_t2_r2,3,fl,6,-0.2776626,E2_KimDH
2,s8_t2_r2,1,fl,5,-0.3242386,E2_KimDH
2,s8_t2_r2,2,fl,6,-0.3367262,E2_KimDH
2,s8_t2_r2,3,fl,6,-0.4035776,E2_KimDH
2,s9_t2_r2,1,fl,6,3.8871042,E2_KimDH
2,s9_t2_r2,2,fl,6,-0.4144802,E2_KimDH
2,s9_t2_r2,3,fl,6,-0.3597884,E2_KimDH
2,s1_t2_r2,1,in,5,-0.4523121,E2_KimDH
2,s1_t2_r2,2,in,6,-0.5210614,E2_KimDH
2,s1_t2_r2,3,in,6,-0.4627822,E2_KimDH
2,s10_t2_r2,1,in,6,0.1660325,E2_KimDH
2,s10_t2_r2,2,in,6,-0.3662316,E2_KimDH
2,s10_t2_r2,3,in,6,-0.5060421,E2_KimDH
2,s2_t2_r2,1,in,6,-0.4202169,E2_KimDH
2,s2_t2_r2,2,in,5,-0.4071391,E2_KimDH
2,s2_t2_r2,3,in,6,-0.4132733,E2_KimDH
2,s3_t2_r2,1,in,6,-0.451246,E2_KimDH
2,s3_t2_r2,2,in,6,-0.0649817,E2_KimDH
2,s3_t2_r2,3,in,6,-0.2888642,E2_KimDH
2,s4_t2_r2,1,in,5,-0.4942477,E2_KimDH
2,s4_t2_r2,2,in,5,-0.3275547,E2_KimDH
2,s4_t2_r2,3,in,5,-0.1312671,E2_KimDH
2,s5_t2_r2,1,in,5,0.1485176,E2_KimDH
2,s5_t2_r2,2,in,4,-0.4517354,E2_KimDH
2,s5_t2_r2,3,in,5,-0.3145118,E2_KimDH
2,s6_t2_r2,1,in,6,-0.158508,E2_KimDH
2,s6_t2_r2,2,in,6,-0.3469518,E2_KimDH
2,s6_t2_r2,3,in,6,-0.4434849,E2_KimDH
2,s7_t2_r2,1,in,6,-0.3710665,E2_KimDH
2,s7_t2_r2,2,in,6,-0.3814702,E2_KimDH
2,s7_t2_r2,3,in,6,-0.0095085,E2_KimDH
2,s8_t2_r2,1,in,6,0.00912,E2_KimDH
2,s8_t2_r2,2,in,6,-0.3756376,E2_KimDH
2,s8_t2_r2,3,in,6,-0.3444173,E2_KimDH
2,s9_t2_r2,1,in,6,-0.426697,E2_KimDH
2,s9_t2_r2,2,in,6,-0.3754122,E2_KimDH
2,s9_t2_r2,3,in,5,-0.0991841,E2_KimDH
2,s1_t2_r2,1,ac,4,-0.2387523,E2_KimHN
2,s1_t2_r2,2,ac,2,0.3675491,E2_KimHN
2,s1_t2_r2,3,ac,3,0.115895,E2_KimHN
2,s10_t2_r2,1,ac,3,-0.1879549,E2_KimHN
2,s10_t2_r2,2,ac,2,0.0547592,E2_KimHN
2,s10_t2_r2,3,ac,3,0.091839,E2_KimHN
2,s2_t2_r2,1,ac,6,0.5073885,E2_KimHN
2,s2_t2_r2,2,ac,6,-0.2836532,E2_KimHN
2,s2_t2_r2,3,ac,6,-0.2575689,E2_KimHN
2,s3_t2_r2,1,ac,1,-0.1622124,E2_KimHN
2,s3_t2_r2,2,ac,1,-0.1003463,E2_KimHN
2,s3_t2_r2,3,ac,1,-0.2336647,E2_KimHN
2,s4_t2_r2,1,ac,4,0.0848067,E2_KimHN
2,s4_t2_r2,2,ac,4,0.4753943,E2_KimHN
2,s4_t2_r2,3,ac,3,-0.1046599,E2_KimHN
2,s5_t2_r2,1,ac,2,-0.2410915,E2_KimHN
2,s5_t2_r2,2,ac,2,-0.4056116,E2_KimHN
2,s5_t2_r2,3,ac,2,-0.2393578,E2_KimHN
2,s6_t2_r2,1,ac,3,0.1489867,E2_KimHN
2,s6_t2_r2,2,ac,3,-0.2078179,E2_KimHN
2,s6_t2_r2,3,ac,3,-0.3909805,E2_KimHN
2,s7_t2_r2,1,ac,1,0.1064274,E2_KimHN
2,s7_t2_r2,2,ac,2,0.0942506,E2_KimHN
2,s7_t2_r2,3,ac,2,-0.054991,E2_KimHN
2,s8_t2_r2,1,ac,3,0.0110243,E2_KimHN
2,s8_t2_r2,2,ac,3,-0.160471,E2_KimHN
2,s8_t2_r2,3,ac,4,-0.101953,E2_KimHN
2,s9_t2_r2,1,ac,3,-0.1315137,E2_KimHN
2,s9_t2_r2,2,ac,4,-0.3917826,E2_KimHN
2,s9_t2_r2,3,ac,5,-0.4231708,E2_KimHN
2,s1_t2_r2,1,comp,2,0.1957401,E2_KimHN
2,s1_t2_r2,2,comp,2,-0.0978608,E2_KimHN
2,s1_t2_r2,3,comp,2,-0.2703139,E2_KimHN
2,s10_t2_r2,1,comp,2,-0.2699981,E2_KimHN
2,s10_t2_r2,2,comp,3,-0.1098072,E2_KimHN
2,s10_t2_r2,3,comp,2,-0.2704995,E2_KimHN
2,s2_t2_r2,1,comp,5,-0.2226334,E2_KimHN
2,s2_t2_r2,2,comp,6,-0.2674102,E2_KimHN
2,s2_t2_r2,3,comp,3,-0.2883279,E2_KimHN
2,s3_t2_r2,1,comp,2,0.2005551,E2_KimHN
2,s3_t2_r2,2,comp,2,-0.407702,E2_KimHN
2,s3_t2_r2,3,comp,3,-0.265838,E2_KimHN
2,s4_t2_r2,1,comp,3,-0.2375972,E2_KimHN
2,s4_t2_r2,2,comp,5,0.2959619,E2_KimHN
2,s4_t2_r2,3,comp,4,-0.2404236,E2_KimHN
2,s5_t2_r2,1,comp,2,-0.1442417,E2_KimHN
2,s5_t2_r2,2,comp,2,-0.2102,E2_KimHN
2,s5_t2_r2,3,comp,2,-0.2267871,E2_KimHN
2,s6_t2_r2,1,comp,2,-0.2256576,E2_KimHN
2,s6_t2_r2,2,comp,2,-0.1084819,E2_KimHN
2,s6_t2_r2,3,comp,3,-0.3621962,E2_KimHN
2,s7_t2_r2,1,comp,2,0.3195401,E2_KimHN
2,s7_t2_r2,2,comp,2,-0.2526846,E2_KimHN
2,s7_t2_r2,3,comp,2,-0.1734287,E2_KimHN
2,s8_t2_r2,1,comp,2,-0.0333282,E2_KimHN
2,s8_t2_r2,2,comp,2,-0.2044077,E2_KimHN
2,s8_t2_r2,3,comp,2,1.7790923,E2_KimHN
2,s9_t2_r2,1,comp,2,-0.2892296,E2_KimHN
2,s9_t2_r2,2,comp,2,-0.2863729,E2_KimHN
2,s9_t2_r2,3,comp,2,-0.1551799,E2_KimHN
2,s1_t2_r2,1,fl,2,-0.0859025,E2_KimHN
2,s1_t2_r2,2,fl,3,-0.2236845,E2_KimHN
2,s1_t2_r2,3,fl,2,-0.114661,E2_KimHN
2,s10_t2_r2,1,fl,2,0.6232135,E2_KimHN
2,s10_t2_r2,2,fl,2,-0.1774944,E2_KimHN
2,s10_t2_r2,3,fl,2,0.5895404,E2_KimHN
2,s2_t2_r2,1,fl,6,0.0436953,E2_KimHN
2,s2_t2_r2,2,fl,6,-0.1700375,E2_KimHN
2,s2_t2_r2,3,fl,6,-0.1123839,E2_KimHN
2,s3_t2_r2,1,fl,1,-0.3752521,E2_KimHN
2,s3_t2_r2,2,fl,2,1.0841908,E2_KimHN
2,s3_t2_r2,3,fl,2,-0.0238333,E2_KimHN
2,s4_t2_r2,1,fl,4,0.0415653,E2_KimHN
2,s4_t2_r2,2,fl,5,-0.1563221,E2_KimHN
2,s4_t2_r2,3,fl,4,-0.1793209,E2_KimHN
2,s5_t2_r2,1,fl,2,-0.1006554,E2_KimHN
2,s5_t2_r2,2,fl,2,0.0217789,E2_KimHN
2,s5_t2_r2,3,fl,3,-0.157431,E2_KimHN
2,s6_t2_r2,1,fl,2,-0.1595156,E2_KimHN
2,s6_t2_r2,2,fl,2,0.1348107,E2_KimHN
2,s6_t2_r2,3,fl,3,-0.2088795,E2_KimHN
2,s7_t2_r2,1,fl,2,-0.2681494,E2_KimHN
2,s7_t2_r2,2,fl,3,-0.2250793,E2_KimHN
2,s7_t2_r2,3,fl,2,-0.3799218,E2_KimHN
2,s8_t2_r2,1,fl,3,0.6500691,E2_KimHN
2,s8_t2_r2,2,fl,3,-0.1358419,E2_KimHN
2,s8_t2_r2,3,fl,3,-0.3006215,E2_KimHN
2,s9_t2_r2,1,fl,3,0.0111868,E2_KimHN
2,s9_t2_r2,2,fl,3,-0.3006345,E2_KimHN
2,s9_t2_r2,3,fl,3,-0.2201319,E2_KimHN
2,s1_t2_r2,1,in,2,-0.1743829,E2_KimHN
2,s1_t2_r2,2,in,2,-0.1426874,E2_KimHN
2,s1_t2_r2,3,in,2,-0.2521163,E2_KimHN
2,s10_t2_r2,1,in,2,-0.3594647,E2_KimHN
2,s10_t2_r2,2,in,4,0.117026,E2_KimHN
2,s10_t2_r2,3,in,4,0.1696301,E2_KimHN
2,s2_t2_r2,1,in,5,0.0066093,E2_KimHN
2,s2_t2_r2,2,in,5,-0.3160935,E2_KimHN
2,s2_t2_r2,3,in,5,-0.2631977,E2_KimHN
2,s3_t2_r2,1,in,2,0.0544162,E2_KimHN
2,s3_t2_r2,2,in,2,-0.1411494,E2_KimHN
2,s3_t2_r2,3,in,2,-0.2991192,E2_KimHN
2,s4_t2_r2,1,in,3,-0.3771595,E2_KimHN
2,s4_t2_r2,2,in,4,-0.2187665,E2_KimHN
2,s4_t2_r2,3,in,4,-0.1753444,E2_KimHN
2,s5_t2_r2,1,in,2,-0.1789439,E2_KimHN
2,s5_t2_r2,2,in,2,-0.2834344,E2_KimHN
2,s5_t2_r2,3,in,3,0.0671767,E2_KimHN
2,s6_t2_r2,1,in,3,0.2908141,E2_KimHN
2,s6_t2_r2,2,in,3,-0.0930641,E2_KimHN
2,s6_t2_r2,3,in,4,-0.1920639,E2_KimHN
2,s7_t2_r2,1,in,1,-0.2848022,E2_KimHN
2,s7_t2_r2,2,in,3,-0.0671478,E2_KimHN
2,s7_t2_r2,3,in,2,-0.3037225,E2_KimHN
2,s8_t2_r2,1,in,2,-0.3928957,E2_KimHN
2,s8_t2_r2,2,in,3,-0.2691971,E2_KimHN
2,s8_t2_r2,3,in,4,-0.2740887,E2_KimHN
2,s9_t2_r2,1,in,3,-0.2332974,E2_KimHN
2,s9_t2_r2,2,in,4,-0.0013277,E2_KimHN
2,s9_t2_r2,3,in,4,0.1341081,E2_KimHN
2,s1_t2_r2,1,ac,3,0.0498195,E2_KuDY
2,s1_t2_r2,2,ac,4,-0.090325542,E2_KuDY
2,s1_t2_r2,3,ac,3,-0.200445583,E2_KuDY
2,s10_t2_r2,1,ac,2,0.076387708,E2_KuDY
2,s10_t2_r2,2,ac,2,-0.137364375,E2_KuDY
2,s10_t2_r2,3,ac,4,-0.151214583,E2_KuDY
2,s2_t2_r2,1,ac,6,0.133083083,E2_KuDY
2,s2_t2_r2,2,ac,6,0.200842166,E2_KuDY
2,s2_t2_r2,3,ac,6,-0.124876708,E2_KuDY
2,s3_t2_r2,1,ac,2,2.0660845,E2_KuDY
2,s3_t2_r2,2,ac,1,0.305018417,E2_KuDY
2,s3_t2_r2,3,ac,2,-0.083897458,E2_KuDY
2,s4_t2_r2,1,ac,4,-0.013240292,E2_KuDY
2,s4_t2_r2,2,ac,4,-0.003173208,E2_KuDY
2,s4_t2_r2,3,ac,4,0.016841084,E2_KuDY
2,s5_t2_r2,1,ac,2,0.05858875,E2_KuDY
2,s5_t2_r2,2,ac,1,0.278708166,E2_KuDY
2,s5_t2_r2,3,ac,2,-0.094390875,E2_KuDY
2,s6_t2_r2,1,ac,1,2.081978375,E2_KuDY
2,s6_t2_r2,2,ac,3,0.000316375,E2_KuDY
2,s6_t2_r2,3,ac,3,0.018993167,E2_KuDY
2,s7_t2_r2,1,ac,1,0.0831475,E2_KuDY
2,s7_t2_r2,2,ac,1,-0.066014042,E2_KuDY
2,s7_t2_r2,3,ac,1,0.45618025,E2_KuDY
2,s8_t2_r2,1,ac,5,1.250415792,E2_KuDY
2,s8_t2_r2,2,ac,5,0.056655041,E2_KuDY
2,s8_t2_r2,3,ac,4,-0.039104125,E2_KuDY
2,s9_t2_r2,1,ac,4,0.06282325,E2_KuDY
2,s9_t2_r2,2,ac,5,0.459099375,E2_KuDY
2,s9_t2_r2,3,ac,3,0.496321708,E2_KuDY
2,s1_t2_r2,1,comp,2,0.149487042,E2_KuDY
2,s1_t2_r2,2,comp,2,0.267254208,E2_KuDY
2,s1_t2_r2,3,comp,3,-0.0259455,E2_KuDY
2,s10_t2_r2,1,comp,2,4.149536541,E2_KuDY
2,s10_t2_r2,2,comp,3,3.37806175,E2_KuDY
2,s10_t2_r2,3,comp,2,0.102166291,E2_KuDY
2,s2_t2_r2,1,comp,4,6.983307458,E2_KuDY
2,s2_t2_r2,2,comp,5,0.518566667,E2_KuDY
2,s2_t2_r2,3,comp,5,0.170023,E2_KuDY
2,s3_t2_r2,1,comp,2,1.2328225,E2_KuDY
2,s3_t2_r2,2,comp,2,0.448587291,E2_KuDY
2,s3_t2_r2,3,comp,1,0.723984417,E2_KuDY
2,s4_t2_r2,1,comp,4,3.38304,E2_KuDY
2,s4_t2_r2,2,comp,4,-0.074036833,E2_KuDY
2,s4_t2_r2,3,comp,3,0.466540625,E2_KuDY
2,s5_t2_r2,1,comp,2,0.12477925,E2_KuDY
2,s5_t2_r2,2,comp,3,0.715859,E2_KuDY
2,s5_t2_r2,3,comp,2,0.15747,E2_KuDY
2,s6_t2_r2,1,comp,2,6.865973792,E2_KuDY
2,s6_t2_r2,2,comp,3,0.147810291,E2_KuDY
2,s6_t2_r2,3,comp,4,0.125479583,E2_KuDY
2,s7_t2_r2,1,comp,3,0.826668167,E2_KuDY
2,s7_t2_r2,2,comp,2,1.568801166,E2_KuDY
2,s7_t2_r2,3,comp,3,0.482855125,E2_KuDY
2,s8_t2_r2,1,comp,3,3.36683525,E2_KuDY
2,s8_t2_r2,2,comp,3,0.083268625,E2_KuDY
2,s8_t2_r2,3,comp,2,0.566281917,E2_KuDY
2,s9_t2_r2,1,comp,2,1.505572208,E2_KuDY
2,s9_t2_r2,2,comp,2,0.582944125,E2_KuDY
2,s9_t2_r2,3,comp,2,0.599741708,E2_KuDY
2,s1_t2_r2,1,fl,2,12.56608392,E2_KuDY
2,s1_t2_r2,2,fl,3,4.432783167,E2_KuDY
2,s1_t2_r2,3,fl,3,0.02043275,E2_KuDY
2,s10_t2_r2,1,fl,2,7.583721,E2_KuDY
2,s10_t2_r2,2,fl,2,7.932721417,E2_KuDY
2,s10_t2_r2,3,fl,2,4.582695375,E2_KuDY
2,s2_t2_r2,1,fl,4,0.698818417,E2_KuDY
2,s2_t2_r2,2,fl,5,0.181914083,E2_KuDY
2,s2_t2_r2,3,fl,5,3.765427,E2_KuDY
2,s3_t2_r2,1,fl,2,1.182572,E2_KuDY
2,s3_t2_r2,2,fl,1,0.149259583,E2_KuDY
2,s3_t2_r2,3,fl,1,0.494765583,E2_KuDY
2,s4_t2_r2,1,fl,4,0.841115209,E2_KuDY
2,s4_t2_r2,2,fl,4,0.146652916,E2_KuDY
2,s4_t2_r2,3,fl,4,-0.047868708,E2_KuDY
2,s5_t2_r2,1,fl,2,0.521430958,E2_KuDY
2,s5_t2_r2,2,fl,2,15.10016575,E2_KuDY
2,s5_t2_r2,3,fl,1,4.954040334,E2_KuDY
2,s6_t2_r2,1,fl,2,0.543051958,E2_KuDY
2,s6_t2_r2,2,fl,3,0.568601625,E2_KuDY
2,s6_t2_r2,3,fl,3,2.642754583,E2_KuDY
2,s7_t2_r2,1,fl,1,1.082808,E2_KuDY
2,s7_t2_r2,2,fl,1,2.716052334,E2_KuDY
2,s7_t2_r2,3,fl,1,2.58265125,E2_KuDY
2,s8_t2_r2,1,fl,2,3.684154542,E2_KuDY
2,s8_t2_r2,2,fl,4,7.783529792,E2_KuDY
2,s8_t2_r2,3,fl,3,2.43845825,E2_KuDY
2,s9_t2_r2,1,fl,4,2.78711525,E2_KuDY
2,s9_t2_r2,2,fl,3,3.766292583,E2_KuDY
2,s9_t2_r2,3,fl,3,0.004717792,E2_KuDY
2,s1_t2_r2,1,in,4,0.233675666,E2_KuDY
2,s1_t2_r2,2,in,3,-0.0006635,E2_KuDY
2,s1_t2_r2,3,in,4,0.214198375,E2_KuDY
2,s10_t2_r2,1,in,4,0.758907625,E2_KuDY
2,s10_t2_r2,2,in,3,0.731672584,E2_KuDY
2,s10_t2_r2,3,in,2,0.002421375,E2_KuDY
2,s2_t2_r2,1,in,6,0.282356,E2_KuDY
2,s2_t2_r2,2,in,6,2.080743709,E2_KuDY
2,s2_t2_r2,3,in,6,0.215040208,E2_KuDY
2,s3_t2_r2,1,in,2,0.15730875,E2_KuDY
2,s3_t2_r2,2,in,2,0.023896375,E2_KuDY
2,s3_t2_r2,3,in,2,0.473581125,E2_KuDY
2,s4_t2_r2,1,in,4,0.015359208,E2_KuDY
2,s4_t2_r2,2,in,4,0.266696958,E2_KuDY
2,s4_t2_r2,3,in,4,0.14650625,E2_KuDY
2,s5_t2_r2,1,in,1,7.547319542,E2_KuDY
2,s5_t2_r2,2,in,1,0.116722542,E2_KuDY
2,s5_t2_r2,3,in,2,0.116244791,E2_KuDY
2,s6_t2_r2,1,in,2,0.20302125,E2_KuDY
2,s6_t2_r2,2,in,3,0.400156041,E2_KuDY
2,s6_t2_r2,3,in,2,0.11608875,E2_KuDY
2,s7_t2_r2,1,in,3,0.248540708,E2_KuDY
2,s7_t2_r2,2,in,2,1.9498625,E2_KuDY
2,s7_t2_r2,3,in,2,-0.230600667,E2_KuDY
2,s8_t2_r2,1,in,5,-0.067690667,E2_KuDY
2,s8_t2_r2,2,in,5,-0.090752167,E2_KuDY
2,s8_t2_r2,3,in,5,0.042790958,E2_KuDY
2,s9_t2_r2,1,in,4,0.824278583,E2_KuDY
2,s9_t2_r2,2,in,4,-0.001815834,E2_KuDY
2,s9_t2_r2,3,in,3,0.186032917,E2_KuDY
2,s1_t2_r2,1,ac,2,2.4621366,E2_LeeHJ
2,s1_t2_r2,2,ac,3,0.2116551,E2_LeeHJ
2,s1_t2_r2,3,ac,3,0.4086263,E2_LeeHJ
2,s10_t2_r2,1,ac,5,0.4892932,E2_LeeHJ
2,s10_t2_r2,2,ac,4,0.2835266,E2_LeeHJ
2,s10_t2_r2,3,ac,4,1.0289172,E2_LeeHJ
2,s2_t2_r2,1,ac,6,2.5354792,E2_LeeHJ
2,s2_t2_r2,2,ac,6,0.2506184,E2_LeeHJ
2,s2_t2_r2,3,ac,6,0.3050863,E2_LeeHJ
2,s3_t2_r2,1,ac,2,0.4632706,E2_LeeHJ
2,s3_t2_r2,2,ac,2,0.4483726,E2_LeeHJ
2,s3_t2_r2,3,ac,2,0.2619713,E2_LeeHJ
2,s4_t2_r2,1,ac,3,0.716149,E2_LeeHJ
2,s4_t2_r2,2,ac,2,0.2072983,E2_LeeHJ
2,s4_t2_r2,3,ac,2,1.0136574,E2_LeeHJ
2,s5_t2_r2,1,ac,2,0.2848828,E2_LeeHJ
2,s5_t2_r2,2,ac,2,0.4696116,E2_LeeHJ
2,s5_t2_r2,3,ac,2,0.4909441,E2_LeeHJ
2,s6_t2_r2,1,ac,5,0.5575011,E2_LeeHJ
2,s6_t2_r2,2,ac,5,0.6548995,E2_LeeHJ
2,s6_t2_r2,3,ac,5,0.5392857,E2_LeeHJ
2,s7_t2_r2,1,ac,4,0.489444,E2_LeeHJ
2,s7_t2_r2,2,ac,4,0.6992447,E2_LeeHJ
2,s7_t2_r2,3,ac,4,0.9773424,E2_LeeHJ
2,s8_t2_r2,1,ac,4,0.7730653,E2_LeeHJ
2,s8_t2_r2,2,ac,4,0.194719,E2_LeeHJ
2,s8_t2_r2,3,ac,4,0.4188551,E2_LeeHJ
2,s9_t2_r2,1,ac,3,3.5757678,E2_LeeHJ
2,s9_t2_r2,2,ac,3,0.4524292,E2_LeeHJ
2,s9_t2_r2,3,ac,2,2.8127563,E2_LeeHJ
2,s1_t2_r2,1,comp,4,1.3526213,E2_LeeHJ
2,s1_t2_r2,2,comp,4,6.2297873,E2_LeeHJ
2,s1_t2_r2,3,comp,4,0.3591871,E2_LeeHJ
2,s10_t2_r2,1,comp,4,2.1704423,E2_LeeHJ
2,s10_t2_r2,2,comp,5,1.0099604,E2_LeeHJ
2,s10_t2_r2,3,comp,4,2.948197,E2_LeeHJ
2,s2_t2_r2,1,comp,6,6.4359148,E2_LeeHJ
2,s2_t2_r2,2,comp,5,0.5992083,E2_LeeHJ
2,s2_t2_r2,3,comp,5,6.3872985,E2_LeeHJ
2,s3_t2_r2,1,comp,4,2.9042885,E2_LeeHJ
2,s3_t2_r2,2,comp,3,0.709674,E2_LeeHJ
2,s3_t2_r2,3,comp,4,0.4766426,E2_LeeHJ
2,s4_t2_r2,1,comp,4,2.5395386,E2_LeeHJ
2,s4_t2_r2,2,comp,3,2.2116774,E2_LeeHJ
2,s4_t2_r2,3,comp,2,1.2434875,E2_LeeHJ
2,s5_t2_r2,1,comp,4,0.9091451,E2_LeeHJ
2,s5_t2_r2,2,comp,3,0.7046885,E2_LeeHJ
2,s5_t2_r2,3,comp,2,1.7225691,E2_LeeHJ
2,s6_t2_r2,1,comp,5,4.2226623,E2_LeeHJ
2,s6_t2_r2,2,comp,5,0.7675804,E2_LeeHJ
2,s6_t2_r2,3,comp,5,0.8474082,E2_LeeHJ
2,s7_t2_r2,1,comp,5,6.8266653,E2_LeeHJ
2,s7_t2_r2,2,comp,5,4.1008111,E2_LeeHJ
2,s7_t2_r2,3,comp,3,1.6817554,E2_LeeHJ
2,s8_t2_r2,1,comp,6,6.7162796,E2_LeeHJ
2,s8_t2_r2,2,comp,4,2.3983646,E2_LeeHJ
2,s8_t2_r2,3,comp,5,1.22248,E2_LeeHJ
2,s9_t2_r2,1,comp,3,3.0376776,E2_LeeHJ
2,s9_t2_r2,2,comp,3,2.7748621,E2_LeeHJ
2,s9_t2_r2,3,comp,3,0.7877015,E2_LeeHJ
2,s1_t2_r2,1,fl,4,0.4760984,E2_LeeHJ
2,s1_t2_r2,2,fl,4,0.5502058,E2_LeeHJ
2,s1_t2_r2,3,fl,3,3.7368501,E2_LeeHJ
2,s10_t2_r2,1,fl,4,0.0910053,E2_LeeHJ
2,s10_t2_r2,2,fl,3,3.2540975,E2_LeeHJ
2,s10_t2_r2,3,fl,4,1.6208216,E2_LeeHJ
2,s2_t2_r2,1,fl,6,0.5164384,E2_LeeHJ
2,s2_t2_r2,2,fl,5,0.7085124,E2_LeeHJ
2,s2_t2_r2,3,fl,6,0.7744421,E2_LeeHJ
2,s3_t2_r2,1,fl,3,0.5462062,E2_LeeHJ
2,s3_t2_r2,2,fl,2,0.1959534,E2_LeeHJ
2,s3_t2_r2,3,fl,2,0.6091613,E2_LeeHJ
2,s4_t2_r2,1,fl,2,4.4122011,E2_LeeHJ
2,s4_t2_r2,2,fl,2,0.5629844,E2_LeeHJ
2,s4_t2_r2,3,fl,2,0.9452884,E2_LeeHJ
2,s5_t2_r2,1,fl,2,1.4298223,E2_LeeHJ
2,s5_t2_r2,2,fl,2,1.0544206,E2_LeeHJ
2,s5_t2_r2,3,fl,2,0.2117528,E2_LeeHJ
2,s6_t2_r2,1,fl,4,0.4051018,E2_LeeHJ
2,s6_t2_r2,2,fl,4,0.793019,E2_LeeHJ
2,s6_t2_r2,3,fl,4,0.6426973,E2_LeeHJ
2,s7_t2_r2,1,fl,3,0.5895873,E2_LeeHJ
2,s7_t2_r2,2,fl,4,0.9332951,E2_LeeHJ
2,s7_t2_r2,3,fl,3,0.6173491,E2_LeeHJ
2,s8_t2_r2,1,fl,5,1.255023,E2_LeeHJ
2,s8_t2_r2,2,fl,5,0.661667,E2_LeeHJ
2,s8_t2_r2,3,fl,5,1.125369,E2_LeeHJ
2,s9_t2_r2,1,fl,3,0.5942651,E2_LeeHJ
2,s9_t2_r2,2,fl,2,2.4101647,E2_LeeHJ
2,s9_t2_r2,3,fl,3,2.9532177,E2_LeeHJ
2,s1_t2_r2,1,in,2,0.3125652,E2_LeeHJ
2,s1_t2_r2,2,in,2,0.54778,E2_LeeHJ
2,s1_t2_r2,3,in,2,0.9393391,E2_LeeHJ
2,s10_t2_r2,1,in,5,0.6693849,E2_LeeHJ
2,s10_t2_r2,2,in,6,0.5572545,E2_LeeHJ
2,s10_t2_r2,3,in,6,0.5447798,E2_LeeHJ
2,s2_t2_r2,1,in,6,1.1046965,E2_LeeHJ
2,s2_t2_r2,2,in,6,0.4091631,E2_LeeHJ
2,s2_t2_r2,3,in,6,1.5307598,E2_LeeHJ
2,s3_t2_r2,1,in,3,1.4480471,E2_LeeHJ
2,s3_t2_r2,2,in,3,0.8771645,E2_LeeHJ
2,s3_t2_r2,3,in,3,0.4962567,E2_LeeHJ
2,s4_t2_r2,1,in,2,0.5394296,E2_LeeHJ
2,s4_t2_r2,2,in,4,0.4112859,E2_LeeHJ
2,s4_t2_r2,3,in,4,0.6566789,E2_LeeHJ
2,s5_t2_r2,1,in,2,0.1680931,E2_LeeHJ
2,s5_t2_r2,2,in,2,0.35052,E2_LeeHJ
2,s5_t2_r2,3,in,2,0.4804427,E2_LeeHJ
2,s6_t2_r2,1,in,6,0.5981017,E2_LeeHJ
2,s6_t2_r2,2,in,6,0.075714,E2_LeeHJ
2,s6_t2_r2,3,in,6,0.2525623,E2_LeeHJ
2,s7_t2_r2,1,in,4,0.5746187,E2_LeeHJ
2,s7_t2_r2,2,in,5,0.7360121,E2_LeeHJ
2,s7_t2_r2,3,in,5,0.1953943,E2_LeeHJ
2,s8_t2_r2,1,in,5,0.594928,E2_LeeHJ
2,s8_t2_r2,2,in,5,0.4870387,E2_LeeHJ
2,s8_t2_r2,3,in,5,1.02575,E2_LeeHJ
2,s9_t2_r2,1,in,5,0.9059177,E2_LeeHJ
2,s9_t2_r2,2,in,6,0.4775336,E2_LeeHJ
2,s9_t2_r2,3,in,6,0.938023,E2_LeeHJ
2,s1_t2_r2,1,ac,7,2.2412785,E2_LeeYS
2,s1_t2_r2,2,ac,6,5.9208163,E2_LeeYS
2,s1_t2_r2,3,ac,6,6.0430545,E2_LeeYS
2,s10_t2_r2,1,ac,4,3.2226117,E2_LeeYS
2,s10_t2_r2,2,ac,3,3.5651559,E2_LeeYS
2,s10_t2_r2,3,ac,4,3.7507333,E2_LeeYS
2,s2_t2_r2,1,ac,7,3.351833,E2_LeeYS
2,s2_t2_r2,2,ac,7,2.8210331,E2_LeeYS
2,s2_t2_r2,3,ac,7,0.7532815,E2_LeeYS
2,s3_t2_r2,1,ac,3,2.7203705,E2_LeeYS
2,s3_t2_r2,2,ac,3,2.2261517,E2_LeeYS
2,s3_t2_r2,3,ac,3,4.6999673,E2_LeeYS
2,s4_t2_r2,1,ac,3,2.0658694,E2_LeeYS
2,s4_t2_r2,2,ac,2,2.8303421,E2_LeeYS
2,s4_t2_r2,3,ac,3,1.566826,E2_LeeYS
2,s5_t2_r2,1,ac,3,3.4640791,E2_LeeYS
2,s5_t2_r2,2,ac,3,3.3263933,E2_LeeYS
2,s5_t2_r2,3,ac,2,2.1229352,E2_LeeYS
2,s6_t2_r2,1,ac,3,3.2105304,E2_LeeYS
2,s6_t2_r2,2,ac,3,1.8060326,E2_LeeYS
2,s6_t2_r2,3,ac,3,1.7855667,E2_LeeYS
2,s7_t2_r2,1,ac,5,4.2584938,E2_LeeYS
2,s7_t2_r2,2,ac,5,2.1608411,E2_LeeYS
2,s7_t2_r2,3,ac,4,2.1218024,E2_LeeYS
2,s8_t2_r2,1,ac,4,2.7004401,E2_LeeYS
2,s8_t2_r2,2,ac,4,4.3859813,E2_LeeYS
2,s8_t2_r2,3,ac,4,2.7436425,E2_LeeYS
2,s9_t2_r2,1,ac,3,3.2357356,E2_LeeYS
2,s9_t2_r2,2,ac,4,3.292773,E2_LeeYS
2,s9_t2_r2,3,ac,4,2.1955891,E2_LeeYS
2,s1_t2_r2,1,comp,6,7.7669892,E2_LeeYS
2,s1_t2_r2,2,comp,6,5.0622806,E2_LeeYS
2,s1_t2_r2,3,comp,6,4.3264126,E2_LeeYS
2,s10_t2_r2,1,comp,4,4.4510048,E2_LeeYS
2,s10_t2_r2,2,comp,3,4.2760706,E2_LeeYS
2,s10_t2_r2,3,comp,4,4.5825869,E2_LeeYS
2,s2_t2_r2,1,comp,6,7.3900178,E2_LeeYS
2,s2_t2_r2,2,comp,6,4.2141364,E2_LeeYS
2,s2_t2_r2,3,comp,6,3.7898011,E2_LeeYS
2,s3_t2_r2,1,comp,3,5.9207414,E2_LeeYS
2,s3_t2_r2,2,comp,3,4.0191627,E2_LeeYS
2,s3_t2_r2,3,comp,4,2.684108,E2_LeeYS
2,s4_t2_r2,1,comp,3,5.6142951,E2_LeeYS
2,s4_t2_r2,2,comp,3,4.1731748,E2_LeeYS
2,s4_t2_r2,3,comp,4,4.3090499,E2_LeeYS
2,s5_t2_r2,1,comp,3,6.6064321,E2_LeeYS
2,s5_t2_r2,2,comp,3,6.5613961,E2_LeeYS
2,s5_t2_r2,3,comp,3,5.4314399,E2_LeeYS
2,s6_t2_r2,1,comp,3,1.5242744,E2_LeeYS
2,s6_t2_r2,2,comp,4,4.4509271,E2_LeeYS
2,s6_t2_r2,3,comp,4,4.7840836,E2_LeeYS
2,s7_t2_r2,1,comp,5,6.6550958,E2_LeeYS
2,s7_t2_r2,2,comp,4,6.0510727,E2_LeeYS
2,s7_t2_r2,3,comp,4,3.414581,E2_LeeYS
2,s8_t2_r2,1,comp,4,1.7166021,E2_LeeYS
2,s8_t2_r2,2,comp,5,4.923475,E2_LeeYS
2,s8_t2_r2,3,comp,5,4.1441202,E2_LeeYS
2,s9_t2_r2,1,comp,4,4.9497491,E2_LeeYS
2,s9_t2_r2,2,comp,5,4.8969694,E2_LeeYS
2,s9_t2_r2,3,comp,5,4.0627149,E2_LeeYS
2,s1_t2_r2,1,fl,5,6.0255381,E2_LeeYS
2,s1_t2_r2,2,fl,5,2.6418775,E2_LeeYS
2,s1_t2_r2,3,fl,6,2.5721126,E2_LeeYS
2,s10_t2_r2,1,fl,3,4.4856058,E2_LeeYS
2,s10_t2_r2,2,fl,3,2.2104846,E2_LeeYS
2,s10_t2_r2,3,fl,3,2.1692955,E2_LeeYS
2,s2_t2_r2,1,fl,7,5.5178257,E2_LeeYS
2,s2_t2_r2,2,fl,7,2.7610922,E2_LeeYS
2,s2_t2_r2,3,fl,7,2.7931345,E2_LeeYS
2,s3_t2_r2,1,fl,3,3.6348029,E2_LeeYS
2,s3_t2_r2,2,fl,3,2.6109361,E2_LeeYS
2,s3_t2_r2,3,fl,3,2.1726654,E2_LeeYS
2,s4_t2_r2,1,fl,2,2.5907844,E2_LeeYS
2,s4_t2_r2,2,fl,2,2.1844678,E2_LeeYS
2,s4_t2_r2,3,fl,2,2.497556,E2_LeeYS
2,s5_t2_r2,1,fl,2,4.5956663,E2_LeeYS
2,s5_t2_r2,2,fl,2,2.2951317,E2_LeeYS
2,s5_t2_r2,3,fl,2,2.0982506,E2_LeeYS
2,s6_t2_r2,1,fl,3,3.4642902,E2_LeeYS
2,s6_t2_r2,2,fl,3,2.4445903,E2_LeeYS
2,s6_t2_r2,3,fl,3,2.1637153,E2_LeeYS
2,s7_t2_r2,1,fl,4,4.9054928,E2_LeeYS
2,s7_t2_r2,2,fl,4,3.46102,E2_LeeYS
2,s7_t2_r2,3,fl,3,2.3714445,E2_LeeYS
2,s8_t2_r2,1,fl,5,4.4770556,E2_LeeYS
2,s8_t2_r2,2,fl,4,3.3756199,E2_LeeYS
2,s8_t2_r2,3,fl,4,3.1614269,E2_LeeYS
2,s9_t2_r2,1,fl,5,4.2759299,E2_LeeYS
2,s9_t2_r2,2,fl,5,4.4003032,E2_LeeYS
2,s9_t2_r2,3,fl,4,2.0564958,E2_LeeYS
2,s1_t2_r2,1,in,5,2.6604264,E2_LeeYS
2,s1_t2_r2,2,in,6,2.7919722,E2_LeeYS
2,s1_t2_r2,3,in,6,3.7708921,E2_LeeYS
2,s10_t2_r2,1,in,5,3.4988344,E2_LeeYS
2,s10_t2_r2,2,in,4,2.5192816,E2_LeeYS
2,s10_t2_r2,3,in,4,4.9419518,E2_LeeYS
2,s2_t2_r2,1,in,7,5.3328244,E2_LeeYS
2,s2_t2_r2,2,in,7,3.6319798,E2_LeeYS
2,s2_t2_r2,3,in,7,2.1805903,E2_LeeYS
2,s3_t2_r2,1,in,4,2.369025,E2_LeeYS
2,s3_t2_r2,2,in,3,2.3785644,E2_LeeYS
2,s3_t2_r2,3,in,3,0.9230379,E2_LeeYS
2,s4_t2_r2,1,in,3,3.4915816,E2_LeeYS
2,s4_t2_r2,2,in,3,2.192916,E2_LeeYS
2,s4_t2_r2,3,in,3,0.8980648,E2_LeeYS
2,s5_t2_r2,1,in,3,6.9344803,E2_LeeYS
2,s5_t2_r2,2,in,3,2.1418607,E2_LeeYS
2,s5_t2_r2,3,in,3,4.4527301,E2_LeeYS
2,s6_t2_r2,1,in,5,2.1401164,E2_LeeYS
2,s6_t2_r2,2,in,4,2.1335503,E2_LeeYS
2,s6_t2_r2,3,in,4,1.8696195,E2_LeeYS
2,s7_t2_r2,1,in,5,3.1632769,E2_LeeYS
2,s7_t2_r2,2,in,4,2.190362,E2_LeeYS
2,s7_t2_r2,3,in,4,2.4172134,E2_LeeYS
2,s8_t2_r2,1,in,5,2.3789462,E2_LeeYS
2,s8_t2_r2,2,in,5,2.1993093,E2_LeeYS
2,s8_t2_r2,3,in,5,2.7148373,E2_LeeYS
2,s9_t2_r2,1,in,4,3.3785586,E2_LeeYS
2,s9_t2_r2,2,in,3,0.7941842,E2_LeeYS
2,s9_t2_r2,3,in,4,6.3673142,E2_LeeYS
2,s1_t2_r2,1,ac,3,7.0891408,E2_SungYW
2,s1_t2_r2,2,ac,3,3.3117984,E2_SungYW
2,s1_t2_r2,3,ac,3,3.3782103,E2_SungYW
2,s10_t2_r2,1,ac,4,2.4119901,E2_SungYW
2,s10_t2_r2,2,ac,4,2.6102985,E2_SungYW
2,s10_t2_r2,3,ac,3,2.5927675,E2_SungYW
2,s2_t2_r2,1,ac,6,2.5669308,E2_SungYW
2,s2_t2_r2,2,ac,7,1.627758,E2_SungYW
2,s2_t2_r2,3,ac,6,1.5291631,E2_SungYW
2,s3_t2_r2,1,ac,3,3.068252,E2_SungYW
2,s3_t2_r2,2,ac,3,1.330058,E2_SungYW
2,s3_t2_r2,3,ac,3,1.456854,E2_SungYW
2,s4_t2_r2,1,ac,3,2.9212026,E2_SungYW
2,s4_t2_r2,2,ac,3,1.6101311,E2_SungYW
2,s4_t2_r2,3,ac,3,1.6030236,E2_SungYW
2,s5_t2_r2,1,ac,2,4.616492,E2_SungYW
2,s5_t2_r2,2,ac,2,2.6408937,E2_SungYW
2,s5_t2_r2,3,ac,2,3.8896782,E2_SungYW
2,s6_t2_r2,1,ac,3,2.7348607,E2_SungYW
2,s6_t2_r2,2,ac,2,1.0694357,E2_SungYW
2,s6_t2_r2,3,ac,3,2.798613,E2_SungYW
2,s7_t2_r2,1,ac,5,2.7970745,E2_SungYW
2,s7_t2_r2,2,ac,5,1.4680938,E2_SungYW
2,s7_t2_r2,3,ac,5,3.1674169,E2_SungYW
2,s8_t2_r2,1,ac,3,3.0122162,E2_SungYW
2,s8_t2_r2,2,ac,3,2.4767645,E2_SungYW
2,s8_t2_r2,3,ac,4,3.8346115,E2_SungYW
2,s9_t2_r2,1,ac,5,5.0330505,E2_SungYW
2,s9_t2_r2,2,ac,5,1.724807,E2_SungYW
2,s9_t2_r2,3,ac,5,1.1862914,E2_SungYW
2,s1_t2_r2,1,comp,4,9.6399117,E2_SungYW
2,s1_t2_r2,2,comp,3,14.4732248,E2_SungYW
2,s1_t2_r2,3,comp,4,6.6925093,E2_SungYW
2,s10_t2_r2,1,comp,3,5.0617442,E2_SungYW
2,s10_t2_r2,2,comp,4,0.3134019,E2_SungYW
2,s10_t2_r2,3,comp,3,2.4838838,E2_SungYW
2,s2_t2_r2,1,comp,5,3.3033581,E2_SungYW
2,s2_t2_r2,2,comp,5,2.8423915,E2_SungYW
2,s2_t2_r2,3,comp,6,2.3173521,E2_SungYW
2,s3_t2_r2,1,comp,4,4.6180707,E2_SungYW
2,s3_t2_r2,2,comp,3,3.9830442,E2_SungYW
2,s3_t2_r2,3,comp,4,3.8391529,E2_SungYW
2,s4_t2_r2,1,comp,3,3.6115738,E2_SungYW
2,s4_t2_r2,2,comp,2,1.6870772,E2_SungYW
2,s4_t2_r2,3,comp,3,1.662135,E2_SungYW
2,s5_t2_r2,1,comp,3,7.9599478,E2_SungYW
2,s5_t2_r2,2,comp,2,6.6642039,E2_SungYW
2,s5_t2_r2,3,comp,2,2.5577097,E2_SungYW
2,s6_t2_r2,1,comp,4,3.4974664,E2_SungYW
2,s6_t2_r2,2,comp,4,2.8386372,E2_SungYW
2,s6_t2_r2,3,comp,3,3.4011105,E2_SungYW
2,s7_t2_r2,1,comp,5,4.5091415,E2_SungYW
2,s7_t2_r2,2,comp,4,3.0335693,E2_SungYW
2,s7_t2_r2,3,comp,4,2.6961773,E2_SungYW
2,s8_t2_r2,1,comp,5,3.5787255,E2_SungYW
2,s8_t2_r2,2,comp,4,3.4685225,E2_SungYW
2,s8_t2_r2,3,comp,4,2.8596821,E2_SungYW
2,s9_t2_r2,1,comp,4,4.8078386,E2_SungYW
2,s9_t2_r2,2,comp,3,3.182743,E2_SungYW
2,s9_t2_r2,3,comp,3,2.2745073,E2_SungYW
2,s1_t2_r2,1,fl,5,5.4605117,E2_SungYW
2,s1_t2_r2,2,fl,5,3.697953,E2_SungYW
2,s1_t2_r2,3,fl,4,3.4715076,E2_SungYW
2,s10_t2_r2,1,fl,3,2.7375727,E2_SungYW
2,s10_t2_r2,2,fl,3,2.4161418,E2_SungYW
2,s10_t2_r2,3,fl,3,2.7715698,E2_SungYW
2,s2_t2_r2,1,fl,5,4.2236265,E2_SungYW
2,s2_t2_r2,2,fl,6,2.4206726,E2_SungYW
2,s2_t2_r2,3,fl,6,1.6929651,E2_SungYW
2,s3_t2_r2,1,fl,3,2.8342268,E2_SungYW
2,s3_t2_r2,2,fl,3,1.5734398,E2_SungYW
2,s3_t2_r2,3,fl,3,1.7276048,E2_SungYW
2,s4_t2_r2,1,fl,2,3.051302,E2_SungYW
2,s4_t2_r2,2,fl,2,1.68712,E2_SungYW
2,s4_t2_r2,3,fl,2,1.1249637,E2_SungYW
2,s5_t2_r2,1,fl,2,5.0060644,E2_SungYW
2,s5_t2_r2,2,fl,2,2.5796928,E2_SungYW
2,s5_t2_r2,3,fl,2,7.2731362,E2_SungYW
2,s6_t2_r2,1,fl,3,3.0340784,E2_SungYW
2,s6_t2_r2,2,fl,3,1.3534921,E2_SungYW
2,s6_t2_r2,3,fl,3,2.4390905,E2_SungYW
2,s7_t2_r2,1,fl,3,4.598948,E2_SungYW
2,s7_t2_r2,2,fl,4,3.2883178,E2_SungYW
2,s7_t2_r2,3,fl,4,2.6104544,E2_SungYW
2,s8_t2_r2,1,fl,3,3.335922,E2_SungYW
2,s8_t2_r2,2,fl,3,2.2378216,E2_SungYW
2,s8_t2_r2,3,fl,3,2.7737397,E2_SungYW
2,s9_t2_r2,1,fl,3,2.3818828,E2_SungYW
2,s9_t2_r2,2,fl,3,2.445809,E2_SungYW
2,s9_t2_r2,3,fl,5,1.9028923,E2_SungYW
2,s1_t2_r2,1,in,3,2.9241005,E2_SungYW
2,s1_t2_r2,2,in,3,1.9636014,E2_SungYW
2,s1_t2_r2,3,in,3,1.4536455,E2_SungYW
2,s10_t2_r2,1,in,5,2.3383778,E2_SungYW
2,s10_t2_r2,2,in,5,1.4627651,E2_SungYW
2,s10_t2_r2,3,in,4,1.2025642,E2_SungYW
2,s2_t2_r2,1,in,7,2.4083739,E2_SungYW
2,s2_t2_r2,2,in,7,1.8537856,E2_SungYW
2,s2_t2_r2,3,in,7,1.2744869,E2_SungYW
2,s3_t2_r2,1,in,4,2.4879241,E2_SungYW
2,s3_t2_r2,2,in,4,1.7867953,E2_SungYW
2,s3_t2_r2,3,in,4,2.4692651,E2_SungYW
2,s4_t2_r2,1,in,5,9.3226378,E2_SungYW
2,s4_t2_r2,2,in,4,2.582567,E2_SungYW
2,s4_t2_r2,3,in,4,3.292188,E2_SungYW
2,s5_t2_r2,1,in,3,4.6977024,E2_SungYW
2,s5_t2_r2,2,in,3,2.3233886,E2_SungYW
2,s5_t2_r2,3,in,3,1.2885612,E2_SungYW
2,s6_t2_r2,1,in,3,1.9147008,E2_SungYW
2,s6_t2_r2,2,in,3,3.0323204,E2_SungYW
2,s6_t2_r2,3,in,3,1.1889462,E2_SungYW
2,s7_t2_r2,1,in,6,1.8889825,E2_SungYW
2,s7_t2_r2,2,in,5,0.965181,E2_SungYW
2,s7_t2_r2,3,in,5,1.107778,E2_SungYW
2,s8_t2_r2,1,in,5,2.7310674,E2_SungYW
2,s8_t2_r2,2,in,5,1.4333893,E2_SungYW
2,s8_t2_r2,3,in,5,2.1724009,E2_SungYW
2,s9_t2_r2,1,in,5,2.1879662,E2_SungYW
2,s9_t2_r2,2,in,5,1.2503164,E2_SungYW
2,s9_t2_r2,3,in,5,0.8488418,E2_SungYW
2,s1_t2_r2,1,ac,5,0.1200819,E2_YunYC
2,s1_t2_r2,2,ac,5,-0.1760982,E2_YunYC
2,s1_t2_r2,3,ac,5,4.4635991,E2_YunYC
2,s10_t2_r2,1,ac,6,-0.0522186,E2_YunYC
2,s10_t2_r2,2,ac,6,0.2023122,E2_YunYC
2,s10_t2_r2,3,ac,5,-0.1169436,E2_YunYC
2,s2_t2_r2,1,ac,5,-0.1575792,E2_YunYC
2,s2_t2_r2,2,ac,4,1.5619155,E2_YunYC
2,s2_t2_r2,3,ac,6,0.3421606,E2_YunYC
2,s3_t2_r2,1,ac,4,0.207057,E2_YunYC
2,s3_t2_r2,2,ac,3,3.591526,E2_YunYC
2,s3_t2_r2,3,ac,3,3.1620486,E2_YunYC
2,s4_t2_r2,1,ac,3,2.1308247,E2_YunYC
2,s4_t2_r2,2,ac,4,1.9122535,E2_YunYC
2,s4_t2_r2,3,ac,4,1.3128593,E2_YunYC
2,s5_t2_r2,1,ac,1,1.5446392,E2_YunYC
2,s5_t2_r2,2,ac,2,0.5641243,E2_YunYC
2,s5_t2_r2,3,ac,2,7.8304059,E2_YunYC
2,s6_t2_r2,1,ac,5,1.5808692,E2_YunYC
2,s6_t2_r2,2,ac,3,1.1823458,E2_YunYC
2,s6_t2_r2,3,ac,3,0.5211978,E2_YunYC
2,s7_t2_r2,1,ac,6,0.002956,E2_YunYC
2,s7_t2_r2,2,ac,5,2.6053169,E2_YunYC
2,s7_t2_r2,3,ac,6,-0.0477718,E2_YunYC
2,s8_t2_r2,1,ac,4,4.3512987,E2_YunYC
2,s8_t2_r2,2,ac,4,1.8026316,E2_YunYC
2,s8_t2_r2,3,ac,5,1.6617394,E2_YunYC
2,s9_t2_r2,1,ac,4,0.1222917,E2_YunYC
2,s9_t2_r2,2,ac,4,0.2280259,E2_YunYC
2,s9_t2_r2,3,ac,4,-0.078112,E2_YunYC
2,s1_t2_r2,1,comp,3,3.4128569,E2_YunYC
2,s1_t2_r2,2,comp,4,1.562676,E2_YunYC
2,s1_t2_r2,3,comp,3,2.2519049,E2_YunYC
2,s10_t2_r2,1,comp,4,6.5744102,E2_YunYC
2,s10_t2_r2,2,comp,4,2.6395157,E2_YunYC
2,s10_t2_r2,3,comp,4,1.3889869,E2_YunYC
2,s2_t2_r2,1,comp,6,5.1507798,E2_YunYC
2,s2_t2_r2,2,comp,4,0.2029049,E2_YunYC
2,s2_t2_r2,3,comp,5,0.7233098,E2_YunYC
2,s3_t2_r2,1,comp,3,3.983673,E2_YunYC
2,s3_t2_r2,2,comp,3,0.372812,E2_YunYC
2,s3_t2_r2,3,comp,3,2.7028786,E2_YunYC
2,s4_t2_r2,1,comp,3,2.8822555,E2_YunYC
2,s4_t2_r2,2,comp,5,4.0381321,E2_YunYC
2,s4_t2_r2,3,comp,4,-0.0591746,E2_YunYC
2,s5_t2_r2,1,comp,1,4.6638904,E2_YunYC
2,s5_t2_r2,2,comp,1,1.143516,E2_YunYC
2,s5_t2_r2,3,comp,3,8.752615,E2_YunYC
2,s6_t2_r2,1,comp,5,2.8213484,E2_YunYC
2,s6_t2_r2,2,comp,5,0.0737861,E2_YunYC
2,s6_t2_r2,3,comp,4,-0.1780826,E2_YunYC
2,s7_t2_r2,1,comp,4,0.2254138,E2_YunYC
2,s7_t2_r2,2,comp,3,1.582528,E2_YunYC
2,s7_t2_r2,3,comp,4,1.7417757,E2_YunYC
2,s8_t2_r2,1,comp,4,2.8303854,E2_YunYC
2,s8_t2_r2,2,comp,3,-0.0576095,E2_YunYC
2,s8_t2_r2,3,comp,3,2.5030489,E2_YunYC
2,s9_t2_r2,1,comp,3,2.8549877,E2_YunYC
2,s9_t2_r2,2,comp,3,0.6313234,E2_YunYC
2,s9_t2_r2,3,comp,4,0.3912182,E2_YunYC
2,s1_t2_r2,1,fl,4,3.9912942,E2_YunYC
2,s1_t2_r2,2,fl,4,4.8954209,E2_YunYC
2,s1_t2_r2,3,fl,5,2.2859887,E2_YunYC
2,s10_t2_r2,1,fl,5,2.5815313,E2_YunYC
2,s10_t2_r2,2,fl,5,4.0001471,E2_YunYC
2,s10_t2_r2,3,fl,5,1.1029015,E2_YunYC
2,s2_t2_r2,1,fl,4,-0.2173382,E2_YunYC
2,s2_t2_r2,2,fl,4,6.1445769,E2_YunYC
2,s2_t2_r2,3,fl,6,2.3624641,E2_YunYC
2,s3_t2_r2,1,fl,3,0.9879037,E2_YunYC
2,s3_t2_r2,2,fl,3,1.4559613,E2_YunYC
2,s3_t2_r2,3,fl,3,3.7345486,E2_YunYC
2,s4_t2_r2,1,fl,3,0.9728045,E2_YunYC
2,s4_t2_r2,2,fl,3,1.6301902,E2_YunYC
2,s4_t2_r2,3,fl,3,3.2818539,E2_YunYC
2,s5_t2_r2,1,fl,2,1.1741791,E2_YunYC
2,s5_t2_r2,2,fl,2,1.7840135,E2_YunYC
2,s5_t2_r2,3,fl,2,1.6445231,E2_YunYC
2,s6_t2_r2,1,fl,3,1.7294919,E2_YunYC
2,s6_t2_r2,2,fl,5,1.7148718,E2_YunYC
2,s6_t2_r2,3,fl,5,0.3426884,E2_YunYC
2,s7_t2_r2,1,fl,4,0.1269684,E2_YunYC
2,s7_t2_r2,2,fl,5,1.7428049,E2_YunYC
2,s7_t2_r2,3,fl,5,5.2411535,E2_YunYC
2,s8_t2_r2,1,fl,4,3.2155958,E2_YunYC
2,s8_t2_r2,2,fl,4,2.8515603,E2_YunYC
2,s8_t2_r2,3,fl,4,0.5031304,E2_YunYC
2,s9_t2_r2,1,fl,5,2.8306324,E2_YunYC
2,s9_t2_r2,2,fl,4,1.562373,E2_YunYC
2,s9_t2_r2,3,fl,4,5.1117112,E2_YunYC
2,s1_t2_r2,1,in,4,0.3031109,E2_YunYC
2,s1_t2_r2,2,in,4,0.9233442,E2_YunYC
2,s1_t2_r2,3,in,4,-0.2459999,E2_YunYC
2,s10_t2_r2,1,in,5,-0.0936346,E2_YunYC
2,s10_t2_r2,2,in,5,-0.2372749,E2_YunYC
2,s10_t2_r2,3,in,5,-0.27325,E2_YunYC
2,s2_t2_r2,1,in,5,-0.1386688,E2_YunYC
2,s2_t2_r2,2,in,4,0.0881108,E2_YunYC
2,s2_t2_r2,3,in,5,2.2432374,E2_YunYC
2,s3_t2_r2,1,in,4,-0.1468703,E2_YunYC
2,s3_t2_r2,2,in,3,0.0605837,E2_YunYC
2,s3_t2_r2,3,in,3,-0.257462,E2_YunYC
2,s4_t2_r2,1,in,3,1.9441972,E2_YunYC
2,s4_t2_r2,2,in,3,-0.2086162,E2_YunYC
2,s4_t2_r2,3,in,3,-0.1772304,E2_YunYC
2,s5_t2_r2,1,in,2,0.7037097,E2_YunYC
2,s5_t2_r2,2,in,2,0.3346124,E2_YunYC
2,s5_t2_r2,3,in,2,-0.2671404,E2_YunYC
2,s6_t2_r2,1,in,5,0.2821869,E2_YunYC
2,s6_t2_r2,2,in,5,4.1210427,E2_YunYC
2,s6_t2_r2,3,in,4,0.0018646,E2_YunYC
2,s7_t2_r2,1,in,4,5.4235547,E2_YunYC
2,s7_t2_r2,2,in,6,0.1276202,E2_YunYC
2,s7_t2_r2,3,in,3,-0.198162,E2_YunYC
2,s8_t2_r2,1,in,4,11.766631,E2_YunYC
2,s8_t2_r2,2,in,5,1.8013656,E2_YunYC
2,s8_t2_r2,3,in,4,0.4034516,E2_YunYC
2,s9_t2_r2,1,in,6,0.1009841,E2_YunYC
2,s9_t2_r2,2,in,5,2.653807,E2_YunYC
2,s9_t2_r2,3,in,4,0.5727536,E2_YunYC