experiments,stimulus,response,goodness,rt,subj
1,s1_t1_r2,ac,2,3.5398121,E1_BaeYJ
1,s1_t1_r2,ac,3,3.1396459,E1_BaeYJ
1,s1_t1_r2,ac,3,2.7917098,E1_BaeYJ
1,s10_t1_r2,ac,2,3.1115653,E1_BaeYJ
1,s10_t1_r2,ac,2,2.6094732,E1_BaeYJ
1,s10_t1_r2,ac,2,1.0780973,E1_BaeYJ
1,s2_t1_r2,ac,4,3.3792027,E1_BaeYJ
1,s2_t1_r2,ac,3,3.1444858,E1_BaeYJ
1,s2_t1_r2,ac,4,3.3991226,E1_BaeYJ
1,s3_t1_r2,ac,3,9.1008896,E1_BaeYJ
1,s3_t1_r2,ac,1,2.3690966,E1_BaeYJ
1,s3_t1_r2,ac,1,3.3529112,E1_BaeYJ
1,s4_t1_r2,ac,3,3.2347389,E1_BaeYJ
1,s4_t1_r2,ac,3,1.380171,E1_BaeYJ
1,s4_t1_r2,ac,3,1.2306547,E1_BaeYJ
1,s5_t1_r2,ac,2,4.9817834,E1_BaeYJ
1,s5_t1_r2,ac,2,1.5423914,E1_BaeYJ
1,s5_t1_r2,ac,2,2.0610253,E1_BaeYJ
1,s6_t1_r2,ac,1,4.3289904,E1_BaeYJ
1,s6_t1_r2,ac,2,3.4694788,E1_BaeYJ
1,s6_t1_r2,ac,1,2.4689976,E1_BaeYJ
1,s7_t1_r2,ac,2,2.8356332,E1_BaeYJ
1,s7_t1_r2,ac,1,2.7193353,E1_BaeYJ
1,s7_t1_r2,ac,2,2.55997,E1_BaeYJ
1,s8_t1_r2,ac,2,3.3756833,E1_BaeYJ
1,s8_t1_r2,ac,3,2.4102896,E1_BaeYJ
1,s8_t1_r2,ac,2,2.4261096,E1_BaeYJ
1,s9_t1_r2,ac,2,3.1435732,E1_BaeYJ
1,s9_t1_r2,ac,2,2.9082839,E1_BaeYJ
1,s9_t1_r2,ac,2,3.3337493,E1_BaeYJ
1,s1_t1_r2,comp,6,3.7760468,E1_BaeYJ
1,s1_t1_r2,comp,6,3.4988733,E1_BaeYJ
1,s1_t1_r2,comp,5,3.2788079,E1_BaeYJ
1,s10_t1_r2,comp,3,3.6881874,E1_BaeYJ
1,s10_t1_r2,comp,3,3.1376397,E1_BaeYJ
1,s10_t1_r2,comp,3,3.0791954,E1_BaeYJ
1,s2_t1_r2,comp,5,3.6239401,E1_BaeYJ
1,s2_t1_r2,comp,6,3.9918482,E1_BaeYJ
1,s2_t1_r2,comp,6,3.3191817,E1_BaeYJ
1,s3_t1_r2,comp,4,0.312112,E1_BaeYJ
1,s3_t1_r2,comp,3,2.8000256,E1_BaeYJ
1,s3_t1_r2,comp,2,3.2445971,E1_BaeYJ
1,s4_t1_r2,comp,4,0.0713525,E1_BaeYJ
1,s4_t1_r2,comp,4,3.2879999,E1_BaeYJ
1,s4_t1_r2,comp,3,3.8791906,E1_BaeYJ
1,s5_t1_r2,comp,3,10.1667407,E1_BaeYJ
1,s5_t1_r2,comp,3,3.9831434,E1_BaeYJ
1,s5_t1_r2,comp,3,5.0014808,E1_BaeYJ
1,s6_t1_r2,comp,2,16.9672964,E1_BaeYJ
1,s6_t1_r2,comp,2,3.8599142,E1_BaeYJ
1,s6_t1_r2,comp,2,3.6409067,E1_BaeYJ
1,s7_t1_r2,comp,4,7.3356654,E1_BaeYJ
1,s7_t1_r2,comp,3,2.9300908,E1_BaeYJ
1,s7_t1_r2,comp,2,2.840449,E1_BaeYJ
1,s8_t1_r2,comp,3,3.6393966,E1_BaeYJ
1,s8_t1_r2,comp,3,3.4474423,E1_BaeYJ
1,s8_t1_r2,comp,3,3.4239958,E1_BaeYJ
1,s9_t1_r2,comp,4,3.464494,E1_BaeYJ
1,s9_t1_r2,comp,3,3.0714628,E1_BaeYJ
1,s9_t1_r2,comp,3,3.3596483,E1_BaeYJ
1,s1_t1_r2,fl,3,3.991834,E1_BaeYJ
1,s1_t1_r2,fl,4,3.1999542,E1_BaeYJ
1,s1_t1_r2,fl,3,3.1673352,E1_BaeYJ
1,s10_t1_r2,fl,2,2.6592298,E1_BaeYJ
1,s10_t1_r2,fl,2,3.2951535,E1_BaeYJ
1,s10_t1_r2,fl,2,2.7894546,E1_BaeYJ
1,s2_t1_r2,fl,4,3.2396303,E1_BaeYJ
1,s2_t1_r2,fl,4,3.2289046,E1_BaeYJ
1,s2_t1_r2,fl,4,3.6490846,E1_BaeYJ
1,s3_t1_r2,fl,2,2.6190783,E1_BaeYJ
1,s3_t1_r2,fl,2,2.4984793,E1_BaeYJ
1,s3_t1_r2,fl,2,3.190961,E1_BaeYJ
1,s4_t1_r2,fl,3,3.0294594,E1_BaeYJ
1,s4_t1_r2,fl,3,3.4382097,E1_BaeYJ
1,s4_t1_r2,fl,3,3.0097072,E1_BaeYJ
1,s5_t1_r2,fl,3,7.1025751,E1_BaeYJ
1,s5_t1_r2,fl,2,7.031999,E1_BaeYJ
1,s5_t1_r2,fl,2,7.0218686,E1_BaeYJ
1,s6_t1_r2,fl,2,3.5593973,E1_BaeYJ
1,s6_t1_r2,fl,2,3.5098631,E1_BaeYJ
1,s6_t1_r2,fl,2,1.7806906,E1_BaeYJ
1,s7_t1_r2,fl,2,4.8648923,E1_BaeYJ
1,s7_t1_r2,fl,2,2.7794116,E1_BaeYJ
1,s7_t1_r2,fl,2,2.9289617,E1_BaeYJ
1,s8_t1_r2,fl,3,10.957498,E1_BaeYJ
1,s8_t1_r2,fl,4,3.0800479,E1_BaeYJ
1,s8_t1_r2,fl,2,3.1748507,E1_BaeYJ
1,s9_t1_r2,fl,3,2.2798487,E1_BaeYJ
1,s9_t1_r2,fl,3,2.8398724,E1_BaeYJ
1,s9_t1_r2,fl,2,4.2247453,E1_BaeYJ
1,s1_t1_r2,in,5,3.1193985,E1_BaeYJ
1,s1_t1_r2,in,5,3.0803499,E1_BaeYJ
1,s1_t1_r2,in,5,0.8569561,E1_BaeYJ
1,s10_t1_r2,in,3,2.7583778,E1_BaeYJ
1,s10_t1_r2,in,2,2.7099067,E1_BaeYJ
1,s10_t1_r2,in,3,2.8766916,E1_BaeYJ
1,s2_t1_r2,in,3,4.6780772,E1_BaeYJ
1,s2_t1_r2,in,4,3.3700036,E1_BaeYJ
1,s2_t1_r2,in,5,0.299566,E1_BaeYJ
1,s3_t1_r2,in,1,2.4291559,E1_BaeYJ
1,s3_t1_r2,in,2,2.4884446,E1_BaeYJ
1,s3_t1_r2,in,2,2.8038292,E1_BaeYJ
1,s4_t1_r2,in,4,13.6084784,E1_BaeYJ
1,s4_t1_r2,in,4,2.6473343,E1_BaeYJ
1,s4_t1_r2,in,3,1.3803512,E1_BaeYJ
1,s5_t1_r2,in,2,3.2468892,E1_BaeYJ
1,s5_t1_r2,in,2,1.6012469,E1_BaeYJ
1,s5_t1_r2,in,1,2.0818248,E1_BaeYJ
1,s6_t1_r2,in,1,5.1034072,E1_BaeYJ
1,s6_t1_r2,in,1,1.8498746,E1_BaeYJ
1,s6_t1_r2,in,1,1.0233172,E1_BaeYJ
1,s7_t1_r2,in,1,2.7086656,E1_BaeYJ
1,s7_t1_r2,in,2,1.519498,E1_BaeYJ
1,s7_t1_r2,in,2,2.4792784,E1_BaeYJ
1,s8_t1_r2,in,3,3.6395951,E1_BaeYJ
1,s8_t1_r2,in,3,2.7334813,E1_BaeYJ
1,s8_t1_r2,in,3,2.7451223,E1_BaeYJ
1,s9_t1_r2,in,2,2.5790097,E1_BaeYJ
1,s9_t1_r2,in,3,2.5294289,E1_BaeYJ
1,s9_t1_r2,in,2,2.6997043,E1_BaeYJ
1,s1_t1_r2,ac,5,13.6627815,E1_HanSS
1,s1_t1_r2,ac,4,3.4337681,E1_HanSS
1,s1_t1_r2,ac,4,2.2261324,E1_HanSS
1,s10_t1_r2,ac,3,10.6495567,E1_HanSS
1,s10_t1_r2,ac,3,1.3590561,E1_HanSS
1,s10_t1_r2,ac,3,0.615202,E1_HanSS
1,s2_t1_r2,ac,6,4.1241754,E1_HanSS
1,s2_t1_r2,ac,6,3.5479516,E1_HanSS
1,s2_t1_r2,ac,6,3.1545984,E1_HanSS
1,s3_t1_r2,ac,3,3.8805533,E1_HanSS
1,s3_t1_r2,ac,3,0.2063211,E1_HanSS
1,s3_t1_r2,ac,3,1.4582431,E1_HanSS
1,s4_t1_r2,ac,4,1.5346421,E1_HanSS
1,s4_t1_r2,ac,4,0.1900296,E1_HanSS
1,s4_t1_r2,ac,5,-0.061569,E1_HanSS
1,s5_t1_r2,ac,2,2.9853757,E1_HanSS
1,s5_t1_r2,ac,2,3.4348644,E1_HanSS
1,s5_t1_r2,ac,2,1.2374029,E1_HanSS
1,s6_t1_r2,ac,2,5.1530084,E1_HanSS
1,s6_t1_r2,ac,2,1.6984465,E1_HanSS
1,s6_t1_r2,ac,2,1.7612272,E1_HanSS
1,s7_t1_r2,ac,4,0.6275729,E1_HanSS
1,s7_t1_r2,ac,4,2.567087,E1_HanSS
1,s7_t1_r2,ac,4,0.183641,E1_HanSS
1,s8_t1_r2,ac,4,7.5906651,E1_HanSS
1,s8_t1_r2,ac,6,4.135566,E1_HanSS
1,s8_t1_r2,ac,6,2.7695015,E1_HanSS
1,s9_t1_r2,ac,6,3.8743487,E1_HanSS
1,s9_t1_r2,ac,6,0.6147492,E1_HanSS
1,s9_t1_r2,ac,6,2.6036141,E1_HanSS
1,s1_t1_r2,comp,3,0.0402272,E1_HanSS
1,s1_t1_r2,comp,3,0.0154148,E1_HanSS
1,s1_t1_r2,comp,3,-0.2487467,E1_HanSS
1,s10_t1_r2,comp,4,0.0841095,E1_HanSS
1,s10_t1_r2,comp,4,0.3709123,E1_HanSS
1,s10_t1_r2,comp,4,-0.1503615,E1_HanSS
1,s2_t1_r2,comp,6,0.3140933,E1_HanSS
1,s2_t1_r2,comp,6,0.2325971,E1_HanSS
1,s2_t1_r2,comp,7,0.1509127,E1_HanSS
1,s3_t1_r2,comp,4,0.729688,E1_HanSS
1,s3_t1_r2,comp,3,0.3197994,E1_HanSS
1,s3_t1_r2,comp,2,0.079595,E1_HanSS
1,s4_t1_r2,comp,5,0.6700808,E1_HanSS
1,s4_t1_r2,comp,2,-0.1246186,E1_HanSS
1,s4_t1_r2,comp,4,-0.0643974,E1_HanSS
1,s5_t1_r2,comp,2,0.4521096,E1_HanSS
1,s5_t1_r2,comp,2,0.2342185,E1_HanSS
1,s5_t1_r2,comp,3,-0.1851143,E1_HanSS
1,s6_t1_r2,comp,2,0.0262039,E1_HanSS
1,s6_t1_r2,comp,2,0.0354831,E1_HanSS
1,s6_t1_r2,comp,2,-0.0711083,E1_HanSS
1,s7_t1_r2,comp,4,0.6182995,E1_HanSS
1,s7_t1_r2,comp,4,-0.0231976,E1_HanSS
1,s7_t1_r2,comp,4,-0.2570956,E1_HanSS
1,s8_t1_r2,comp,6,0.3610198,E1_HanSS
1,s8_t1_r2,comp,7,0.4571951,E1_HanSS
1,s8_t1_r2,comp,6,0.1928145,E1_HanSS
1,s9_t1_r2,comp,5,0.1789892,E1_HanSS
1,s9_t1_r2,comp,6,0.2651823,E1_HanSS
1,s9_t1_r2,comp,6,0.1226964,E1_HanSS
1,s1_t1_r2,fl,4,0.173426,E1_HanSS
1,s1_t1_r2,fl,4,-0.0563831,E1_HanSS
1,s1_t1_r2,fl,4,-0.2265194,E1_HanSS
1,s10_t1_r2,fl,3,0.0387288,E1_HanSS
1,s10_t1_r2,fl,3,-0.0475002,E1_HanSS
1,s10_t1_r2,fl,3,-0.2416755,E1_HanSS
1,s2_t1_r2,fl,6,0.1119487,E1_HanSS
1,s2_t1_r2,fl,6,0.1044512,E1_HanSS
1,s2_t1_r2,fl,6,-0.2277209,E1_HanSS
1,s3_t1_r2,fl,3,33.767583,E1_HanSS
1,s3_t1_r2,fl,2,-0.09451,E1_HanSS
1,s3_t1_r2,fl,2,-0.0983804,E1_HanSS
1,s4_t1_r2,fl,5,7.4141699,E1_HanSS
1,s4_t1_r2,fl,4,-0.1472387,E1_HanSS
1,s4_t1_r2,fl,4,0.0274759,E1_HanSS
1,s5_t1_r2,fl,2,0.0480965,E1_HanSS
1,s5_t1_r2,fl,2,-0.0781269,E1_HanSS
1,s5_t1_r2,fl,2,-0.2379129,E1_HanSS
1,s6_t1_r2,fl,3,0.5176864,E1_HanSS
1,s6_t1_r2,fl,1,-0.0803772,E1_HanSS
1,s6_t1_r2,fl,1,-0.0880994,E1_HanSS
1,s7_t1_r2,fl,4,0.1514463,E1_HanSS
1,s7_t1_r2,fl,4,-0.0184408,E1_HanSS
1,s7_t1_r2,fl,4,-0.1005601,E1_HanSS
1,s8_t1_r2,fl,6,0.2945505,E1_HanSS
1,s8_t1_r2,fl,6,-0.073075,E1_HanSS
1,s8_t1_r2,fl,6,-0.0706833,E1_HanSS
1,s9_t1_r2,fl,6,0.500103,E1_HanSS
1,s9_t1_r2,fl,7,0.1192644,E1_HanSS
1,s9_t1_r2,fl,6,0.0608855,E1_HanSS
1,s1_t1_r2,in,6,0.1575843,E1_HanSS
1,s1_t1_r2,in,4,0.3650741,E1_HanSS
1,s1_t1_r2,in,5,3.260026,E1_HanSS
1,s10_t1_r2,in,4,4.374145,E1_HanSS
1,s10_t1_r2,in,4,0.1708727,E1_HanSS
1,s10_t1_r2,in,4,2.9595382,E1_HanSS
1,s2_t1_r2,in,7,0.6369848,E1_HanSS
1,s2_t1_r2,in,7,2.5128179,E1_HanSS
1,s2_t1_r2,in,6,2.9265965,E1_HanSS
1,s3_t1_r2,in,4,6.4189894,E1_HanSS
1,s3_t1_r2,in,4,2.6814602,E1_HanSS
1,s3_t1_r2,in,4,3.045713,E1_HanSS
1,s4_t1_r2,in,5,5.4646169,E1_HanSS
1,s4_t1_r2,in,5,1.1100241,E1_HanSS
1,s4_t1_r2,in,5,1.6018714,E1_HanSS
1,s5_t1_r2,in,2,2.9567057,E1_HanSS
1,s5_t1_r2,in,2,0.0633384,E1_HanSS
1,s5_t1_r2,in,2,5.008982,E1_HanSS
1,s6_t1_r2,in,1,2.5433676,E1_HanSS
1,s6_t1_r2,in,1,1.0701275,E1_HanSS
1,s6_t1_r2,in,1,1.646811,E1_HanSS
1,s7_t1_r2,in,3,4.5457889,E1_HanSS
1,s7_t1_r2,in,4,1.5418349,E1_HanSS
1,s7_t1_r2,in,4,1.9279365,E1_HanSS
1,s8_t1_r2,in,6,14.0215358,E1_HanSS
1,s8_t1_r2,in,6,2.7242122,E1_HanSS
1,s8_t1_r2,in,6,2.5949301,E1_HanSS
1,s9_t1_r2,in,7,0.2037365,E1_HanSS
1,s9_t1_r2,in,7,-0.0858595,E1_HanSS
1,s9_t1_r2,in,7,2.0321533,E1_HanSS
1,s1_t1_r2,ac,7,-0.4330551,E1_KimDH
1,s1_t1_r2,ac,6,-0.299,E1_KimDH
1,s1_t1_r2,ac,4,-0.397128,E1_KimDH
1,s10_t1_r2,ac,6,-0.4398783,E1_KimDH
1,s10_t1_r2,ac,7,-0.3143893,E1_KimDH
1,s10_t1_r2,ac,6,-0.4560119,E1_KimDH
1,s2_t1_r2,ac,7,-0.1286585,E1_KimDH
1,s2_t1_r2,ac,7,-0.078186,E1_KimDH
1,s2_t1_r2,ac,6,-0.4565267,E1_KimDH
1,s3_t1_r2,ac,7,-0.4363784,E1_KimDH
1,s3_t1_r2,ac,7,-0.4105045,E1_KimDH
1,s3_t1_r2,ac,7,-0.0770955,E1_KimDH
1,s4_t1_r2,ac,7,-0.2220791,E1_KimDH
1,s4_t1_r2,ac,7,-0.5013261,E1_KimDH
1,s4_t1_r2,ac,6,-0.4050237,E1_KimDH
1,s5_t1_r2,ac,6,-0.4113243,E1_KimDH
1,s5_t1_r2,ac,6,0.03961,E1_KimDH
1,s5_t1_r2,ac,6,-0.4123832,E1_KimDH
1,s6_t1_r2,ac,5,-0.3298971,E1_KimDH
1,s6_t1_r2,ac,5,-0.3768025,E1_KimDH
1,s6_t1_r2,ac,5,-0.362805,E1_KimDH
1,s7_t1_r2,ac,5,-0.3748577,E1_KimDH
1,s7_t1_r2,ac,5,-0.3600593,E1_KimDH
1,s7_t1_r2,ac,5,-0.4371633,E1_KimDH
1,s8_t1_r2,ac,7,0.0728009,E1_KimDH
1,s8_t1_r2,ac,7,-0.3851795,E1_KimDH
1,s8_t1_r2,ac,6,-0.4709594,E1_KimDH
1,s9_t1_r2,ac,7,-0.341624,E1_KimDH
1,s9_t1_r2,ac,7,-0.0394395,E1_KimDH
1,s9_t1_r2,ac,6,-0.3936106,E1_KimDH
1,s1_t1_r2,comp,5,-0.334926,E1_KimDH
1,s1_t1_r2,comp,4,4.1991822,E1_KimDH
1,s1_t1_r2,comp,4,3.4063616,E1_KimDH
1,s10_t1_r2,comp,5,-0.0336074,E1_KimDH
1,s10_t1_r2,comp,5,2.100802,E1_KimDH
1,s10_t1_r2,comp,5,-0.2834152,E1_KimDH
1,s2_t1_r2,comp,5,-0.4864767,E1_KimDH
1,s2_t1_r2,comp,5,-0.46793,E1_KimDH
1,s2_t1_r2,comp,5,-0.2235436,E1_KimDH
1,s3_t1_r2,comp,5,-0.3616058,E1_KimDH
1,s3_t1_r2,comp,5,-0.3749097,E1_KimDH
1,s3_t1_r2,comp,5,-0.1280562,E1_KimDH
1,s4_t1_r2,comp,5,-0.4414233,E1_KimDH
1,s4_t1_r2,comp,5,0.1683522,E1_KimDH
1,s4_t1_r2,comp,5,-0.3471001,E1_KimDH
1,s5_t1_r2,comp,3,-0.2918846,E1_KimDH
1,s5_t1_r2,comp,5,-0.2396131,E1_KimDH
1,s5_t1_r2,comp,5,-0.457396,E1_KimDH
1,s6_t1_r2,comp,4,4.7893298,E1_KimDH
1,s6_t1_r2,comp,5,-0.3771349,E1_KimDH
1,s6_t1_r2,comp,5,-0.4719414,E1_KimDH
1,s7_t1_r2,comp,4,-0.4540556,E1_KimDH
1,s7_t1_r2,comp,3,-0.4236959,E1_KimDH
1,s7_t1_r2,comp,3,-0.3867981,E1_KimDH
1,s8_t1_r2,comp,4,-0.3020065,E1_KimDH
1,s8_t1_r2,comp,5,-0.4415035,E1_KimDH
1,s8_t1_r2,comp,5,-0.2057141,E1_KimDH
1,s9_t1_r2,comp,5,-0.4084618,E1_KimDH
1,s9_t1_r2,comp,5,-0.396501,E1_KimDH
1,s9_t1_r2,comp,5,-0.4541819,E1_KimDH
1,s1_t1_r2,fl,6,-0.4258407,E1_KimDH
1,s1_t1_r2,fl,6,-0.2351284,E1_KimDH
1,s1_t1_r2,fl,6,-0.3885881,E1_KimDH
1,s10_t1_r2,fl,7,-0.0551392,E1_KimDH
1,s10_t1_r2,fl,6,-0.3955311,E1_KimDH
1,s10_t1_r2,fl,6,-0.4695812,E1_KimDH
1,s2_t1_r2,fl,7,-0.4239169,E1_KimDH
1,s2_t1_r2,fl,7,-0.4881866,E1_KimDH
1,s2_t1_r2,fl,7,-0.2333253,E1_KimDH
1,s3_t1_r2,fl,6,-0.3578066,E1_KimDH
1,s3_t1_r2,fl,6,-0.3270815,E1_KimDH
1,s3_t1_r2,fl,7,-0.3132375,E1_KimDH
1,s4_t1_r2,fl,6,-0.4809709,E1_KimDH
1,s4_t1_r2,fl,6,-0.440477,E1_KimDH
1,s4_t1_r2,fl,6,-0.5338768,E1_KimDH
1,s5_t1_r2,fl,6,-0.0555625,E1_KimDH
1,s5_t1_r2,fl,6,-0.0778821,E1_KimDH
1,s5_t1_r2,fl,6,-0.3620063,E1_KimDH
1,s6_t1_r2,fl,7,-0.4067822,E1_KimDH
1,s6_t1_r2,fl,7,-0.2659617,E1_KimDH
1,s6_t1_r2,fl,7,-0.4226989,E1_KimDH
1,s7_t1_r2,fl,5,-0.3285486,E1_KimDH
1,s7_t1_r2,fl,5,-0.3946627,E1_KimDH
1,s7_t1_r2,fl,5,-0.3457014,E1_KimDH
1,s8_t1_r2,fl,7,-0.1447518,E1_KimDH
1,s8_t1_r2,fl,7,-0.2873484,E1_KimDH
1,s8_t1_r2,fl,7,-0.4064828,E1_KimDH
1,s9_t1_r2,fl,7,-0.1827601,E1_KimDH
1,s9_t1_r2,fl,7,-0.3794566,E1_KimDH
1,s9_t1_r2,fl,7,-0.4577852,E1_KimDH
1,s1_t1_r2,in,4,0.3092239,E1_KimDH
1,s1_t1_r2,in,5,0.1875744,E1_KimDH
1,s1_t1_r2,in,5,0.1624354,E1_KimDH
1,s10_t1_r2,in,6,0.5799717,E1_KimDH
1,s10_t1_r2,in,6,0.0505397,E1_KimDH
1,s10_t1_r2,in,5,0.185671,E1_KimDH
1,s2_t1_r2,in,6,-0.1047555,E1_KimDH
1,s2_t1_r2,in,6,0.9310065,E1_KimDH
1,s2_t1_r2,in,6,0.2331049,E1_KimDH
1,s3_t1_r2,in,6,-0.0602647,E1_KimDH
1,s3_t1_r2,in,5,-0.0912492,E1_KimDH
1,s3_t1_r2,in,6,0.1013228,E1_KimDH
1,s4_t1_r2,in,6,0.2753729,E1_KimDH
1,s4_t1_r2,in,5,0.1628693,E1_KimDH
1,s4_t1_r2,in,6,0.232224,E1_KimDH
1,s5_t1_r2,in,4,0.0026834,E1_KimDH
1,s5_t1_r2,in,6,-0.130702,E1_KimDH
1,s5_t1_r2,in,6,0.0303728,E1_KimDH
1,s6_t1_r2,in,5,1.1074123,E1_KimDH
1,s6_t1_r2,in,6,0.5382279,E1_KimDH
1,s6_t1_r2,in,5,0.2011465,E1_KimDH
1,s7_t1_r2,in,4,0.1885868,E1_KimDH
1,s7_t1_r2,in,3,-0.0454604,E1_KimDH
1,s7_t1_r2,in,3,0.6516238,E1_KimDH
1,s8_t1_r2,in,6,0.0848804,E1_KimDH
1,s8_t1_r2,in,7,0.049489,E1_KimDH
1,s8_t1_r2,in,7,0.0917027,E1_KimDH
1,s9_t1_r2,in,6,0.0765243,E1_KimDH
1,s9_t1_r2,in,7,0.09676,E1_KimDH
1,s9_t1_r2,in,6,0.1587818,E1_KimDH
1,s1_t1_r2,ac,5,3.8418335,E1_KimHN
1,s1_t1_r2,ac,5,2.2462509,E1_KimHN
1,s1_t1_r2,ac,5,0.3772232,E1_KimHN
1,s10_t1_r2,ac,3,1.8751683,E1_KimHN
1,s10_t1_r2,ac,1,1.5587572,E1_KimHN
1,s10_t1_r2,ac,2,2.0966732,E1_KimHN
1,s2_t1_r2,ac,5,3.0199488,E1_KimHN
1,s2_t1_r2,ac,5,2.3610853,E1_KimHN
1,s2_t1_r2,ac,5,2.143489,E1_KimHN
1,s3_t1_r2,ac,1,2.6748063,E1_KimHN
1,s3_t1_r2,ac,1,2.4556616,E1_KimHN
1,s3_t1_r2,ac,2,0.4364745,E1_KimHN
1,s4_t1_r2,ac,3,2.8411276,E1_KimHN
1,s4_t1_r2,ac,3,0.6661994,E1_KimHN
1,s4_t1_r2,ac,1,2.0865236,E1_KimHN
1,s5_t1_r2,ac,1,5.8935166,E1_KimHN
1,s5_t1_r2,ac,1,2.2297413,E1_KimHN
1,s5_t1_r2,ac,1,2.3007181,E1_KimHN
1,s6_t1_r2,ac,1,2.02152,E1_KimHN
1,s6_t1_r2,ac,1,2.1383878,E1_KimHN
1,s6_t1_r2,ac,1,2.39037,E1_KimHN
1,s7_t1_r2,ac,5,1.9821416,E1_KimHN
1,s7_t1_r2,ac,5,2.3996995,E1_KimHN
1,s7_t1_r2,ac,4,2.3180401,E1_KimHN
1,s8_t1_r2,ac,5,0.672821,E1_KimHN
1,s8_t1_r2,ac,5,1.0012063,E1_KimHN
1,s8_t1_r2,ac,5,1.2240807,E1_KimHN
1,s9_t1_r2,ac,3,2.3190643,E1_KimHN
1,s9_t1_r2,ac,3,2.7584978,E1_KimHN
1,s9_t1_r2,ac,3,2.0151814,E1_KimHN
1,s1_t1_r2,comp,5,20.0062654,E1_KimHN
1,s1_t1_r2,comp,5,4.3457458,E1_KimHN
1,s1_t1_r2,comp,5,4.6893973,E1_KimHN
1,s10_t1_r2,comp,3,7.5330197,E1_KimHN
1,s10_t1_r2,comp,1,3.6744313,E1_KimHN
1,s10_t1_r2,comp,1,3.6831159,E1_KimHN
1,s2_t1_r2,comp,5,5.4818446,E1_KimHN
1,s2_t1_r2,comp,5,4.2746056,E1_KimHN
1,s2_t1_r2,comp,4,4.4757179,E1_KimHN
1,s3_t1_r2,comp,1,7.1926388,E1_KimHN
1,s3_t1_r2,comp,2,4.2010494,E1_KimHN
1,s3_t1_r2,comp,1,3.437761,E1_KimHN
1,s4_t1_r2,comp,4,7.8166137,E1_KimHN
1,s4_t1_r2,comp,3,4.8106482,E1_KimHN
1,s4_t1_r2,comp,3,3.654861,E1_KimHN
1,s5_t1_r2,comp,5,15.7177401,E1_KimHN
1,s5_t1_r2,comp,1,7.7686151,E1_KimHN
1,s5_t1_r2,comp,1,4.7388083,E1_KimHN
1,s6_t1_r2,comp,1,7.4288077,E1_KimHN
1,s6_t1_r2,comp,1,4.0553985,E1_KimHN
1,s6_t1_r2,comp,1,3.3751473,E1_KimHN
1,s7_t1_r2,comp,3,5.9115299,E1_KimHN
1,s7_t1_r2,comp,3,5.2912922,E1_KimHN
1,s7_t1_r2,comp,4,3.9669316,E1_KimHN
1,s8_t1_r2,comp,3,9.1064975,E1_KimHN
1,s8_t1_r2,comp,4,3.8309639,E1_KimHN
1,s8_t1_r2,comp,4,3.8589347,E1_KimHN
1,s9_t1_r2,comp,3,6.3264816,E1_KimHN
1,s9_t1_r2,comp,3,4.600036,E1_KimHN
1,s9_t1_r2,comp,4,3.7287065,E1_KimHN
1,s1_t1_r2,fl,4,3.9929137,E1_KimHN
1,s1_t1_r2,fl,5,3.9534272,E1_KimHN
1,s1_t1_r2,fl,4,3.4378971,E1_KimHN
1,s10_t1_r2,fl,2,3.646585,E1_KimHN
1,s10_t1_r2,fl,2,3.2034403,E1_KimHN
1,s10_t1_r2,fl,2,3.6474992,E1_KimHN
1,s2_t1_r2,fl,5,4.3124051,E1_KimHN
1,s2_t1_r2,fl,5,3.9758385,E1_KimHN
1,s2_t1_r2,fl,5,2.5427403,E1_KimHN
1,s3_t1_r2,fl,2,3.3029334,E1_KimHN
1,s3_t1_r2,fl,1,3.5180881,E1_KimHN
1,s3_t1_r2,fl,1,2.8356468,E1_KimHN
1,s4_t1_r2,fl,1,3.9998543,E1_KimHN
1,s4_t1_r2,fl,2,3.8620723,E1_KimHN
1,s4_t1_r2,fl,2,3.4229011,E1_KimHN
1,s5_t1_r2,fl,1,8.2387253,E1_KimHN
1,s5_t1_r2,fl,1,8.0692435,E1_KimHN
1,s5_t1_r2,fl,1,5.4099653,E1_KimHN
1,s6_t1_r2,fl,1,4.6254895,E1_KimHN
1,s6_t1_r2,fl,1,4.3636604,E1_KimHN
1,s6_t1_r2,fl,1,2.2350464,E1_KimHN
1,s7_t1_r2,fl,4,4.1914062,E1_KimHN
1,s7_t1_r2,fl,5,3.9625954,E1_KimHN
1,s7_t1_r2,fl,4,2.48226,E1_KimHN
1,s8_t1_r2,fl,2,3.6695447,E1_KimHN
1,s8_t1_r2,fl,2,3.1294129,E1_KimHN
1,s8_t1_r2,fl,3,3.5667357,E1_KimHN
1,s9_t1_r2,fl,2,3.6772034,E1_KimHN
1,s9_t1_r2,fl,3,4.9360156,E1_KimHN
1,s9_t1_r2,fl,2,3.6321046,E1_KimHN
1,s1_t1_r2,in,5,3.1086263,E1_KimHN
1,s1_t1_r2,in,5,2.3820804,E1_KimHN
1,s1_t1_r2,in,5,2.2611499,E1_KimHN
1,s10_t1_r2,in,3,0.3808038,E1_KimHN
1,s10_t1_r2,in,1,1.6503014,E1_KimHN
1,s10_t1_r2,in,3,0.8727352,E1_KimHN
1,s2_t1_r2,in,5,2.4451966,E1_KimHN
1,s2_t1_r2,in,5,0.2169592,E1_KimHN
1,s2_t1_r2,in,5,1.2498465,E1_KimHN
1,s3_t1_r2,in,3,2.1088491,E1_KimHN
1,s3_t1_r2,in,3,2.3323096,E1_KimHN
1,s3_t1_r2,in,3,0.4158417,E1_KimHN
1,s4_t1_r2,in,2,1.1436286,E1_KimHN
1,s4_t1_r2,in,2,1.0304488,E1_KimHN
1,s4_t1_r2,in,2,0.6270179,E1_KimHN
1,s5_t1_r2,in,1,2.0385265,E1_KimHN
1,s5_t1_r2,in,1,0.7106219,E1_KimHN
1,s5_t1_r2,in,1,1.0057649,E1_KimHN
1,s6_t1_r2,in,3,1.0730453,E1_KimHN
1,s6_t1_r2,in,2,2.021404,E1_KimHN
1,s6_t1_r2,in,2,0.7106562,E1_KimHN
1,s7_t1_r2,in,5,1.8335088,E1_KimHN
1,s7_t1_r2,in,5,0.1776285,E1_KimHN
1,s7_t1_r2,in,5,0.4405761,E1_KimHN
1,s8_t1_r2,in,5,1.7852913,E1_KimHN
1,s8_t1_r2,in,4,1.671961,E1_KimHN
1,s8_t1_r2,in,5,2.0545511,E1_KimHN
1,s9_t1_r2,in,3,0.4335421,E1_KimHN
1,s9_t1_r2,in,5,1.2448552,E1_KimHN
1,s9_t1_r2,in,4,1.4751625,E1_KimHN
1,s1_t1_r2,ac,1,2.829307084,E1_KuDY
1,s1_t1_r2,ac,1,0.183295375,E1_KuDY
1,s1_t1_r2,ac,3,2.09935925,E1_KuDY
1,s10_t1_r2,ac,2,1.813936792,E1_KuDY
1,s10_t1_r2,ac,2,1.605553584,E1_KuDY
1,s10_t1_r2,ac,2,1.607323041,E1_KuDY
1,s2_t1_r2,ac,6,5.683018334,E1_KuDY
1,s2_t1_r2,ac,6,1.91912075,E1_KuDY
1,s2_t1_r2,ac,5,1.666970292,E1_KuDY
1,s3_t1_r2,ac,1,1.29334825,E1_KuDY
1,s3_t1_r2,ac,1,1.791779959,E1_KuDY
1,s3_t1_r2,ac,1,0.452596,E1_KuDY
1,s4_t1_r2,ac,2,1.382613917,E1_KuDY
1,s4_t1_r2,ac,2,2.00227625,E1_KuDY
1,s4_t1_r2,ac,2,1.835513875,E1_KuDY
1,s5_t1_r2,ac,1,2.302847542,E1_KuDY
1,s5_t1_r2,ac,2,1.916141459,E1_KuDY
1,s5_t1_r2,ac,2,1.788526167,E1_KuDY
1,s6_t1_r2,ac,1,5.450351333,E1_KuDY
1,s6_t1_r2,ac,1,2.13819575,E1_KuDY
1,s6_t1_r2,ac,1,0.865422209,E1_KuDY
1,s7_t1_r2,ac,1,3.366948875,E1_KuDY
1,s7_t1_r2,ac,1,2.25774725,E1_KuDY
1,s7_t1_r2,ac,1,1.835216291,E1_KuDY
1,s8_t1_r2,ac,6,0.721801375,E1_KuDY
1,s8_t1_r2,ac,6,2.232227209,E1_KuDY
1,s8_t1_r2,ac,6,2.195833958,E1_KuDY
1,s9_t1_r2,ac,5,1.881359625,E1_KuDY
1,s9_t1_r2,ac,4,1.756910708,E1_KuDY
1,s9_t1_r2,ac,5,1.556056792,E1_KuDY
1,s1_t1_r2,comp,2,4.246981,E1_KuDY
1,s1_t1_r2,comp,2,5.309582417,E1_KuDY
1,s1_t1_r2,comp,2,6.599448042,E1_KuDY
1,s10_t1_r2,comp,2,4.158388833,E1_KuDY
1,s10_t1_r2,comp,2,6.00020825,E1_KuDY
1,s10_t1_r2,comp,3,1.429761834,E1_KuDY
1,s2_t1_r2,comp,5,8.66067625,E1_KuDY
1,s2_t1_r2,comp,5,4.468556291,E1_KuDY
1,s2_t1_r2,comp,4,4.591457958,E1_KuDY
1,s3_t1_r2,comp,1,25.13028292,E1_KuDY
1,s3_t1_r2,comp,1,4.4797415,E1_KuDY
1,s3_t1_r2,comp,1,3.96573725,E1_KuDY
1,s4_t1_r2,comp,1,4.253974375,E1_KuDY
1,s4_t1_r2,comp,2,4.119144709,E1_KuDY
1,s4_t1_r2,comp,3,2.161672125,E1_KuDY
1,s5_t1_r2,comp,1,11.61503746,E1_KuDY
1,s5_t1_r2,comp,2,8.296246625,E1_KuDY
1,s5_t1_r2,comp,1,3.192320916,E1_KuDY
1,s6_t1_r2,comp,1,4.815413458,E1_KuDY
1,s6_t1_r2,comp,2,5.531147167,E1_KuDY
1,s6_t1_r2,comp,1,3.140838917,E1_KuDY
1,s7_t1_r2,comp,1,4.698179459,E1_KuDY
1,s7_t1_r2,comp,1,0.282256333,E1_KuDY
1,s7_t1_r2,comp,1,2.700624083,E1_KuDY
1,s8_t1_r2,comp,5,4.638057958,E1_KuDY
1,s8_t1_r2,comp,6,4.332744584,E1_KuDY
1,s8_t1_r2,comp,5,3.619425875,E1_KuDY
1,s9_t1_r2,comp,2,16.56254287,E1_KuDY
1,s9_t1_r2,comp,4,4.501040584,E1_KuDY
1,s9_t1_r2,comp,4,2.042802875,E1_KuDY
1,s1_t1_r2,fl,2,3.458405709,E1_KuDY
1,s1_t1_r2,fl,2,1.982078167,E1_KuDY
1,s1_t1_r2,fl,2,1.7015615,E1_KuDY
1,s10_t1_r2,fl,2,1.199870167,E1_KuDY
1,s10_t1_r2,fl,2,2.766850125,E1_KuDY
1,s10_t1_r2,fl,2,0.553991458,E1_KuDY
1,s2_t1_r2,fl,3,4.035018834,E1_KuDY
1,s2_t1_r2,fl,4,3.071202625,E1_KuDY
1,s2_t1_r2,fl,5,1.832686333,E1_KuDY
1,s3_t1_r2,fl,1,1.725597875,E1_KuDY
1,s3_t1_r2,fl,2,1.566177167,E1_KuDY
1,s3_t1_r2,fl,2,2.582152333,E1_KuDY
1,s4_t1_r2,fl,2,1.980509,E1_KuDY
1,s4_t1_r2,fl,2,1.802235084,E1_KuDY
1,s4_t1_r2,fl,3,1.749126541,E1_KuDY
1,s5_t1_r2,fl,1,4.706227333,E1_KuDY
1,s5_t1_r2,fl,1,1.315753,E1_KuDY
1,s5_t1_r2,fl,1,2.015938667,E1_KuDY
1,s6_t1_r2,fl,1,2.38589275,E1_KuDY
1,s6_t1_r2,fl,2,2.01607375,E1_KuDY
1,s6_t1_r2,fl,1,1.615888834,E1_KuDY
1,s7_t1_r2,fl,1,1.749558083,E1_KuDY
1,s7_t1_r2,fl,1,1.800476875,E1_KuDY
1,s7_t1_r2,fl,1,2.063522875,E1_KuDY
1,s8_t1_r2,fl,5,1.882194875,E1_KuDY
1,s8_t1_r2,fl,5,0.798937666,E1_KuDY
1,s8_t1_r2,fl,5,1.483590916,E1_KuDY
1,s9_t1_r2,fl,4,3.314615041,E1_KuDY
1,s9_t1_r2,fl,5,1.666356334,E1_KuDY
1,s9_t1_r2,fl,5,1.841012,E1_KuDY
1,s1_t1_r2,in,1,1.53624775,E1_KuDY
1,s1_t1_r2,in,1,1.680176292,E1_KuDY
1,s1_t1_r2,in,2,1.258937416,E1_KuDY
1,s10_t1_r2,in,2,0.78637675,E1_KuDY
1,s10_t1_r2,in,2,1.957218791,E1_KuDY
1,s10_t1_r2,in,2,0.35896125,E1_KuDY
1,s2_t1_r2,in,4,2.616270541,E1_KuDY
1,s2_t1_r2,in,5,2.093181042,E1_KuDY
1,s2_t1_r2,in,6,2.056084625,E1_KuDY
1,s3_t1_r2,in,1,2.433825167,E1_KuDY
1,s3_t1_r2,in,1,2.916431625,E1_KuDY
1,s3_t1_r2,in,1,1.571002417,E1_KuDY
1,s4_t1_r2,in,4,1.64193175,E1_KuDY
1,s4_t1_r2,in,2,0.119977959,E1_KuDY
1,s4_t1_r2,in,3,0.472997958,E1_KuDY
1,s5_t1_r2,in,4,6.465663,E1_KuDY
1,s5_t1_r2,in,3,2.108668834,E1_KuDY
1,s5_t1_r2,in,2,0.320475792,E1_KuDY
1,s6_t1_r2,in,1,1.82371125,E1_KuDY
1,s6_t1_r2,in,1,1.653361834,E1_KuDY
1,s6_t1_r2,in,2,0.609725875,E1_KuDY
1,s7_t1_r2,in,1,1.605462208,E1_KuDY
1,s7_t1_r2,in,1,1.919491833,E1_KuDY
1,s7_t1_r2,in,1,1.927415875,E1_KuDY
1,s8_t1_r2,in,6,1.466056,E1_KuDY
1,s8_t1_r2,in,6,1.306330916,E1_KuDY
1,s8_t1_r2,in,6,1.149026042,E1_KuDY
1,s9_t1_r2,in,6,4.91585475,E1_KuDY
1,s9_t1_r2,in,6,1.759417291,E1_KuDY
1,s9_t1_r2,in,5,2.828945083,E1_KuDY
1,s1_t1_r2,ac,3,3.0711146,E1_LeeHJ
1,s1_t1_r2,ac,3,0.4420796,E1_LeeHJ
1,s1_t1_r2,ac,2,0.6779556,E1_LeeHJ
1,s10_t1_r2,ac,2,2.1345175,E1_LeeHJ
1,s10_t1_r2,ac,2,2.7217408,E1_LeeHJ
1,s10_t1_r2,ac,2,0.6120972,E1_LeeHJ
1,s2_t1_r2,ac,6,0.4307508,E1_LeeHJ
1,s2_t1_r2,ac,6,0.7513656,E1_LeeHJ
1,s2_t1_r2,ac,6,1.4683627,E1_LeeHJ
1,s3_t1_r2,ac,2,1.8413659,E1_LeeHJ
1,s3_t1_r2,ac,1,0.8073562,E1_LeeHJ
1,s3_t1_r2,ac,1,0.3274099,E1_LeeHJ
1,s4_t1_r2,ac,1,1.3609199,E1_LeeHJ
1,s4_t1_r2,ac,1,2.277396,E1_LeeHJ
1,s4_t1_r2,ac,1,0.8921656,E1_LeeHJ
1,s5_t1_r2,ac,3,2.0065726,E1_LeeHJ
1,s5_t1_r2,ac,3,10.1939627,E1_LeeHJ
1,s5_t1_r2,ac,3,0.5270069,E1_LeeHJ
1,s6_t1_r2,ac,4,0.5283155,E1_LeeHJ
1,s6_t1_r2,ac,4,3.8088324,E1_LeeHJ
1,s6_t1_r2,ac,3,1.7244674,E1_LeeHJ
1,s7_t1_r2,ac,2,0.9583247,E1_LeeHJ
1,s7_t1_r2,ac,2,0.2586937,E1_LeeHJ
1,s7_t1_r2,ac,2,0.4046329,E1_LeeHJ
1,s8_t1_r2,ac,6,0.5258734,E1_LeeHJ
1,s8_t1_r2,ac,5,0.6132915,E1_LeeHJ
1,s8_t1_r2,ac,5,2.8763934,E1_LeeHJ
1,s9_t1_r2,ac,5,0.9668769,E1_LeeHJ
1,s9_t1_r2,ac,4,1.493247,E1_LeeHJ
1,s9_t1_r2,ac,4,0.4848023,E1_LeeHJ
1,s1_t1_r2,comp,4,4.6393016,E1_LeeHJ
1,s1_t1_r2,comp,3,6.469102,E1_LeeHJ
1,s1_t1_r2,comp,3,4.1824018,E1_LeeHJ
1,s10_t1_r2,comp,5,4.0754281,E1_LeeHJ
1,s10_t1_r2,comp,3,4.924669,E1_LeeHJ
1,s10_t1_r2,comp,3,4.1597248,E1_LeeHJ
1,s2_t1_r2,comp,6,5.8244803,E1_LeeHJ
1,s2_t1_r2,comp,6,6.1534939,E1_LeeHJ
1,s2_t1_r2,comp,6,5.3137122,E1_LeeHJ
1,s3_t1_r2,comp,2,3.8143867,E1_LeeHJ
1,s3_t1_r2,comp,3,3.5593556,E1_LeeHJ
1,s3_t1_r2,comp,2,3.2567392,E1_LeeHJ
1,s4_t1_r2,comp,3,4.2178131,E1_LeeHJ
1,s4_t1_r2,comp,4,9.378638,E1_LeeHJ
1,s4_t1_r2,comp,4,0.3198827,E1_LeeHJ
1,s5_t1_r2,comp,4,8.8850876,E1_LeeHJ
1,s5_t1_r2,comp,4,7.8109599,E1_LeeHJ
1,s5_t1_r2,comp,4,8.2236366,E1_LeeHJ
1,s6_t1_r2,comp,4,0.4444732,E1_LeeHJ
1,s6_t1_r2,comp,4,4.5883831,E1_LeeHJ
1,s6_t1_r2,comp,5,3.9274755,E1_LeeHJ
1,s7_t1_r2,comp,5,3.5522449,E1_LeeHJ
1,s7_t1_r2,comp,4,5.006372,E1_LeeHJ
1,s7_t1_r2,comp,3,4.068437,E1_LeeHJ
1,s8_t1_r2,comp,6,4.1516208,E1_LeeHJ
1,s8_t1_r2,comp,5,3.0446174,E1_LeeHJ
1,s8_t1_r2,comp,6,3.3638604,E1_LeeHJ
1,s9_t1_r2,comp,5,3.8269561,E1_LeeHJ
1,s9_t1_r2,comp,5,2.941539,E1_LeeHJ
1,s9_t1_r2,comp,5,4.7307246,E1_LeeHJ
1,s1_t1_r2,fl,4,3.7685567,E1_LeeHJ
1,s1_t1_r2,fl,2,3.0721375,E1_LeeHJ
1,s1_t1_r2,fl,2,2.1962769,E1_LeeHJ
1,s10_t1_r2,fl,2,0.5238222,E1_LeeHJ
1,s10_t1_r2,fl,2,2.6425608,E1_LeeHJ
1,s10_t1_r2,fl,2,2.2505428,E1_LeeHJ
1,s2_t1_r2,fl,6,9.4399083,E1_LeeHJ
1,s2_t1_r2,fl,6,3.505881,E1_LeeHJ
1,s2_t1_r2,fl,6,3.6073979,E1_LeeHJ
1,s3_t1_r2,fl,3,1.7142756,E1_LeeHJ
1,s3_t1_r2,fl,2,2.7944744,E1_LeeHJ
1,s3_t1_r2,fl,2,1.9085213,E1_LeeHJ
1,s4_t1_r2,fl,2,3.0401008,E1_LeeHJ
1,s4_t1_r2,fl,3,5.564253,E1_LeeHJ
1,s4_t1_r2,fl,2,1.5407994,E1_LeeHJ
1,s5_t1_r2,fl,4,-0.2276266,E1_LeeHJ
1,s5_t1_r2,fl,4,0.4110909,E1_LeeHJ
1,s5_t1_r2,fl,3,7.9963204,E1_LeeHJ
1,s6_t1_r2,fl,4,0.273591,E1_LeeHJ
1,s6_t1_r2,fl,4,1.5080214,E1_LeeHJ
1,s6_t1_r2,fl,3,1.7852501,E1_LeeHJ
1,s7_t1_r2,fl,3,10.8913804,E1_LeeHJ
1,s7_t1_r2,fl,4,3.2594072,E1_LeeHJ
1,s7_t1_r2,fl,3,2.8527254,E1_LeeHJ
1,s8_t1_r2,fl,5,3.6954626,E1_LeeHJ
1,s8_t1_r2,fl,5,2.8245993,E1_LeeHJ
1,s8_t1_r2,fl,5,2.6217782,E1_LeeHJ
1,s9_t1_r2,fl,4,2.5544648,E1_LeeHJ
1,s9_t1_r2,fl,4,2.2836586,E1_LeeHJ
1,s9_t1_r2,fl,4,2.7336976,E1_LeeHJ
1,s1_t1_r2,in,4,0.9281746,E1_LeeHJ
1,s1_t1_r2,in,4,0.5316782,E1_LeeHJ
1,s1_t1_r2,in,4,1.8767697,E1_LeeHJ
1,s10_t1_r2,in,4,0.4673649,E1_LeeHJ
1,s10_t1_r2,in,4,0.8313782,E1_LeeHJ
1,s10_t1_r2,in,4,0.2878863,E1_LeeHJ
1,s2_t1_r2,in,6,2.2286053,E1_LeeHJ
1,s2_t1_r2,in,5,2.1581269,E1_LeeHJ
1,s2_t1_r2,in,5,1.2945861,E1_LeeHJ
1,s3_t1_r2,in,4,12.430176,E1_LeeHJ
1,s3_t1_r2,in,4,0.4690285,E1_LeeHJ
1,s3_t1_r2,in,4,0.8668551,E1_LeeHJ
1,s4_t1_r2,in,4,1.7444188,E1_LeeHJ
1,s4_t1_r2,in,4,0.5333489,E1_LeeHJ
1,s4_t1_r2,in,4,0.2940131,E1_LeeHJ
1,s5_t1_r2,in,1,0.6830343,E1_LeeHJ
1,s5_t1_r2,in,1,1.0194286,E1_LeeHJ
1,s5_t1_r2,in,2,0.6188499,E1_LeeHJ
1,s6_t1_r2,in,2,2.7506511,E1_LeeHJ
1,s6_t1_r2,in,3,0.702444,E1_LeeHJ
1,s6_t1_r2,in,3,4.4076296,E1_LeeHJ
1,s7_t1_r2,in,4,0.5872612,E1_LeeHJ
1,s7_t1_r2,in,4,1.567563,E1_LeeHJ
1,s7_t1_r2,in,4,1.5524497,E1_LeeHJ
1,s8_t1_r2,in,5,0.6832676,E1_LeeHJ
1,s8_t1_r2,in,5,0.4286926,E1_LeeHJ
1,s8_t1_r2,in,5,0.4295932,E1_LeeHJ
1,s9_t1_r2,in,4,0.5262995,E1_LeeHJ
1,s9_t1_r2,in,5,0.4704629,E1_LeeHJ
1,s9_t1_r2,in,4,3.363866,E1_LeeHJ
1,s1_t1_r2,ac,7,3.7770913,E1_LeeYS
1,s1_t1_r2,ac,6,2.9818898,E1_LeeYS
1,s1_t1_r2,ac,6,2.3103248,E1_LeeYS
1,s10_t1_r2,ac,3,3.1281392,E1_LeeYS
1,s10_t1_r2,ac,3,3.8243042,E1_LeeYS
1,s10_t1_r2,ac,4,4.030868,E1_LeeYS
1,s2_t1_r2,ac,6,3.6053252,E1_LeeYS
1,s2_t1_r2,ac,6,1.835142,E1_LeeYS
1,s2_t1_r2,ac,6,2.6000136,E1_LeeYS
1,s3_t1_r2,ac,1,2.5541867,E1_LeeYS
1,s3_t1_r2,ac,3,2.9974683,E1_LeeYS
1,s3_t1_r2,ac,2,1.5538882,E1_LeeYS
1,s4_t1_r2,ac,3,2.9837084,E1_LeeYS
1,s4_t1_r2,ac,1,2.7052496,E1_LeeYS
1,s4_t1_r2,ac,2,4.1040564,E1_LeeYS
1,s5_t1_r2,ac,2,7.2360619,E1_LeeYS
1,s5_t1_r2,ac,3,2.6574771,E1_LeeYS
1,s5_t1_r2,ac,4,2.1098628,E1_LeeYS
1,s6_t1_r2,ac,3,3.658079,E1_LeeYS
1,s6_t1_r2,ac,3,4.0507553,E1_LeeYS
1,s6_t1_r2,ac,3,3.0512116,E1_LeeYS
1,s7_t1_r2,ac,5,4.2408421,E1_LeeYS
1,s7_t1_r2,ac,4,3.0659917,E1_LeeYS
1,s7_t1_r2,ac,4,1.4244384,E1_LeeYS
1,s8_t1_r2,ac,7,3.7153725,E1_LeeYS
1,s8_t1_r2,ac,6,2.8010988,E1_LeeYS
1,s8_t1_r2,ac,6,2.6762282,E1_LeeYS
1,s9_t1_r2,ac,4,5.3960238,E1_LeeYS
1,s9_t1_r2,ac,4,2.9441827,E1_LeeYS
1,s9_t1_r2,ac,5,2.9242898,E1_LeeYS
1,s1_t1_r2,comp,5,16.542771,E1_LeeYS
1,s1_t1_r2,comp,6,6.4547364,E1_LeeYS
1,s1_t1_r2,comp,6,6.603608,E1_LeeYS
1,s10_t1_r2,comp,4,6.3323856,E1_LeeYS
1,s10_t1_r2,comp,4,4.7483706,E1_LeeYS
1,s10_t1_r2,comp,3,5.475367,E1_LeeYS
1,s2_t1_r2,comp,5,7.7677325,E1_LeeYS
1,s2_t1_r2,comp,6,8.669336,E1_LeeYS
1,s2_t1_r2,comp,5,6.8398592,E1_LeeYS
1,s3_t1_r2,comp,3,10.2269294,E1_LeeYS
1,s3_t1_r2,comp,4,5.1502814,E1_LeeYS
1,s3_t1_r2,comp,4,4.6254841,E1_LeeYS
1,s4_t1_r2,comp,3,8.4667814,E1_LeeYS
1,s4_t1_r2,comp,4,5.7544314,E1_LeeYS
1,s4_t1_r2,comp,3,5.1503443,E1_LeeYS
1,s5_t1_r2,comp,4,11.3796485,E1_LeeYS
1,s5_t1_r2,comp,4,10.058823,E1_LeeYS
1,s5_t1_r2,comp,3,10.066877,E1_LeeYS
1,s6_t1_r2,comp,5,8.1349956,E1_LeeYS
1,s6_t1_r2,comp,7,1.1548527,E1_LeeYS
1,s6_t1_r2,comp,4,5.9545186,E1_LeeYS
1,s7_t1_r2,comp,4,7.2594713,E1_LeeYS
1,s7_t1_r2,comp,3,6.0697272,E1_LeeYS
1,s7_t1_r2,comp,4,5.334799,E1_LeeYS
1,s8_t1_r2,comp,7,1.5424254,E1_LeeYS
1,s8_t1_r2,comp,7,5.4569601,E1_LeeYS
1,s8_t1_r2,comp,6,4.7040333,E1_LeeYS
1,s9_t1_r2,comp,5,7.0494062,E1_LeeYS
1,s9_t1_r2,comp,5,6.3318742,E1_LeeYS
1,s9_t1_r2,comp,5,4.7660343,E1_LeeYS
1,s1_t1_r2,fl,5,4.1615143,E1_LeeYS
1,s1_t1_r2,fl,6,5.2027662,E1_LeeYS
1,s1_t1_r2,fl,6,4.9056157,E1_LeeYS
1,s10_t1_r2,fl,3,3.8998309,E1_LeeYS
1,s10_t1_r2,fl,4,3.8645044,E1_LeeYS
1,s10_t1_r2,fl,4,3.6507661,E1_LeeYS
1,s2_t1_r2,fl,6,6.5402548,E1_LeeYS
1,s2_t1_r2,fl,5,4.8176688,E1_LeeYS
1,s2_t1_r2,fl,6,4.127267,E1_LeeYS
1,s3_t1_r2,fl,1,4.6782498,E1_LeeYS
1,s3_t1_r2,fl,2,4.2329893,E1_LeeYS
1,s3_t1_r2,fl,2,2.6322394,E1_LeeYS
1,s4_t1_r2,fl,1,4.5030659,E1_LeeYS
1,s4_t1_r2,fl,2,3.5494674,E1_LeeYS
1,s4_t1_r2,fl,2,3.5052857,E1_LeeYS
1,s5_t1_r2,fl,4,8.1342141,E1_LeeYS
1,s5_t1_r2,fl,3,3.8913854,E1_LeeYS
1,s5_t1_r2,fl,4,3.6183663,E1_LeeYS
1,s6_t1_r2,fl,4,4.7562626,E1_LeeYS
1,s6_t1_r2,fl,4,3.9845908,E1_LeeYS
1,s6_t1_r2,fl,3,4.1515986,E1_LeeYS
1,s7_t1_r2,fl,3,3.9081527,E1_LeeYS
1,s7_t1_r2,fl,4,4.2235703,E1_LeeYS
1,s7_t1_r2,fl,4,1.6743983,E1_LeeYS
1,s8_t1_r2,fl,7,4.1096354,E1_LeeYS
1,s8_t1_r2,fl,7,3.7514263,E1_LeeYS
1,s8_t1_r2,fl,7,3.287676,E1_LeeYS
1,s9_t1_r2,fl,3,4.1619839,E1_LeeYS
1,s9_t1_r2,fl,4,3.9442799,E1_LeeYS
1,s9_t1_r2,fl,4,3.436524,E1_LeeYS
1,s1_t1_r2,in,7,3.3874298,E1_LeeYS
1,s1_t1_r2,in,7,3.594543,E1_LeeYS
1,s1_t1_r2,in,6,3.6463359,E1_LeeYS
1,s10_t1_r2,in,3,2.8979981,E1_LeeYS
1,s10_t1_r2,in,4,2.9397471,E1_LeeYS
1,s10_t1_r2,in,3,1.5995069,E1_LeeYS
1,s2_t1_r2,in,7,3.2690195,E1_LeeYS
1,s2_t1_r2,in,7,1.8017546,E1_LeeYS
1,s2_t1_r2,in,6,2.0234509,E1_LeeYS
1,s3_t1_r2,in,4,3.260371,E1_LeeYS
1,s3_t1_r2,in,4,3.2802102,E1_LeeYS
1,s3_t1_r2,in,3,1.6216139,E1_LeeYS
1,s4_t1_r2,in,3,3.3573264,E1_LeeYS
1,s4_t1_r2,in,3,2.2382864,E1_LeeYS
1,s4_t1_r2,in,3,1.1887598,E1_LeeYS
1,s5_t1_r2,in,3,6.403736,E1_LeeYS
1,s5_t1_r2,in,3,3.0328549,E1_LeeYS
1,s5_t1_r2,in,3,3.7451532,E1_LeeYS
1,s6_t1_r2,in,4,5.3523057,E1_LeeYS
1,s6_t1_r2,in,3,2.7208424,E1_LeeYS
1,s6_t1_r2,in,3,2.6828262,E1_LeeYS
1,s7_t1_r2,in,4,3.0596436,E1_LeeYS
1,s7_t1_r2,in,3,3.9069531,E1_LeeYS
1,s7_t1_r2,in,4,2.018266,E1_LeeYS
1,s8_t1_r2,in,7,2.6784414,E1_LeeYS
1,s8_t1_r2,in,7,2.8992716,E1_LeeYS
1,s8_t1_r2,in,6,3.042059,E1_LeeYS
1,s9_t1_r2,in,3,3.2872417,E1_LeeYS
1,s9_t1_r2,in,4,2.9981146,E1_LeeYS
1,s9_t1_r2,in,5,4.2761169,E1_LeeYS
1,s1_t1_r2,ac,3,5.7232484,E1_SungYW
1,s1_t1_r2,ac,3,3.6779653,E1_SungYW
1,s1_t1_r2,ac,3,2.5983232,E1_SungYW
1,s10_t1_r2,ac,3,4.0151705,E1_SungYW
1,s10_t1_r2,ac,3,6.5917174,E1_SungYW
1,s10_t1_r2,ac,4,2.2967524,E1_SungYW
1,s2_t1_r2,ac,6,3.6981371,E1_SungYW
1,s2_t1_r2,ac,6,3.3512755,E1_SungYW
1,s2_t1_r2,ac,6,3.3888893,E1_SungYW
1,s3_t1_r2,ac,3,2.8489258,E1_SungYW
1,s3_t1_r2,ac,3,2.8232705,E1_SungYW
1,s3_t1_r2,ac,3,2.9097947,E1_SungYW
1,s4_t1_r2,ac,2,3.9255341,E1_SungYW
1,s4_t1_r2,ac,3,2.9069524,E1_SungYW
1,s4_t1_r2,ac,3,1.3721156,E1_SungYW
1,s5_t1_r2,ac,3,7.5239685,E1_SungYW
1,s5_t1_r2,ac,3,7.8478596,E1_SungYW
1,s5_t1_r2,ac,3,7.3472091,E1_SungYW
1,s6_t1_r2,ac,4,7.653179,E1_SungYW
1,s6_t1_r2,ac,4,3.9588431,E1_SungYW
1,s6_t1_r2,ac,4,2.4967707,E1_SungYW
1,s7_t1_r2,ac,3,3.1378295,E1_SungYW
1,s7_t1_r2,ac,3,3.0239515,E1_SungYW
1,s7_t1_r2,ac,3,2.3795578,E1_SungYW
1,s8_t1_r2,ac,5,3.2537688,E1_SungYW
1,s8_t1_r2,ac,5,2.9201087,E1_SungYW
1,s8_t1_r2,ac,5,1.6406846,E1_SungYW
1,s9_t1_r2,ac,5,3.2265188,E1_SungYW
1,s9_t1_r2,ac,5,2.8995303,E1_SungYW
1,s9_t1_r2,ac,5,2.9103327,E1_SungYW
1,s1_t1_r2,comp,4,13.3480796,E1_SungYW
1,s1_t1_r2,comp,3,5.9753036,E1_SungYW
1,s1_t1_r2,comp,3,4.3021747,E1_SungYW
1,s10_t1_r2,comp,5,7.4594718,E1_SungYW
1,s10_t1_r2,comp,5,4.7342301,E1_SungYW
1,s10_t1_r2,comp,5,4.7760251,E1_SungYW
1,s2_t1_r2,comp,6,5.3385649,E1_SungYW
1,s2_t1_r2,comp,6,4.4751093,E1_SungYW
1,s2_t1_r2,comp,6,3.639325,E1_SungYW
1,s3_t1_r2,comp,3,3.9332853,E1_SungYW
1,s3_t1_r2,comp,3,3.5935412,E1_SungYW
1,s3_t1_r2,comp,3,4.280125,E1_SungYW
1,s4_t1_r2,comp,4,13.7061159,E1_SungYW
1,s4_t1_r2,comp,4,3.9898518,E1_SungYW
1,s4_t1_r2,comp,3,4.1902386,E1_SungYW
1,s5_t1_r2,comp,5,14.3044312,E1_SungYW
1,s5_t1_r2,comp,5,8.653505,E1_SungYW
1,s5_t1_r2,comp,4,8.51875,E1_SungYW
1,s6_t1_r2,comp,3,5.7835449,E1_SungYW
1,s6_t1_r2,comp,3,7.5352639,E1_SungYW
1,s6_t1_r2,comp,5,4.3292992,E1_SungYW
1,s7_t1_r2,comp,6,8.3011064,E1_SungYW
1,s7_t1_r2,comp,3,4.4400472,E1_SungYW
1,s7_t1_r2,comp,3,3.6470354,E1_SungYW
1,s8_t1_r2,comp,6,5.6038433,E1_SungYW
1,s8_t1_r2,comp,7,4.2303807,E1_SungYW
1,s8_t1_r2,comp,6,3.5282862,E1_SungYW
1,s9_t1_r2,comp,5,8.6022429,E1_SungYW
1,s9_t1_r2,comp,6,3.67524,E1_SungYW
1,s9_t1_r2,comp,6,3.2434767,E1_SungYW
1,s1_t1_r2,fl,4,6.0425232,E1_SungYW
1,s1_t1_r2,fl,3,4.1830352,E1_SungYW
1,s1_t1_r2,fl,3,4.298288,E1_SungYW
1,s10_t1_r2,fl,3,3.8893268,E1_SungYW
1,s10_t1_r2,fl,4,3.1129305,E1_SungYW
1,s10_t1_r2,fl,4,5.207576,E1_SungYW
1,s2_t1_r2,fl,6,4.6970481,E1_SungYW
1,s2_t1_r2,fl,6,3.4610313,E1_SungYW
1,s2_t1_r2,fl,6,3.4081719,E1_SungYW
1,s3_t1_r2,fl,3,5.7661362,E1_SungYW
1,s3_t1_r2,fl,3,4.5518558,E1_SungYW
1,s3_t1_r2,fl,3,2.9950409,E1_SungYW
1,s4_t1_r2,fl,3,3.0401625,E1_SungYW
1,s4_t1_r2,fl,3,3.0880953,E1_SungYW
1,s4_t1_r2,fl,3,3.089955,E1_SungYW
1,s5_t1_r2,fl,3,8.8648767,E1_SungYW
1,s5_t1_r2,fl,3,8.9133682,E1_SungYW
1,s5_t1_r2,fl,3,7.2867328,E1_SungYW
1,s6_t1_r2,fl,4,4.6676077,E1_SungYW
1,s6_t1_r2,fl,4,3.800091,E1_SungYW
1,s6_t1_r2,fl,4,3.5434434,E1_SungYW
1,s7_t1_r2,fl,3,3.4871416,E1_SungYW
1,s7_t1_r2,fl,3,3.2033483,E1_SungYW
1,s7_t1_r2,fl,3,3.0569459,E1_SungYW
1,s8_t1_r2,fl,5,3.5932156,E1_SungYW
1,s8_t1_r2,fl,4,3.3345591,E1_SungYW
1,s8_t1_r2,fl,5,3.0771928,E1_SungYW
1,s9_t1_r2,fl,4,4.4496651,E1_SungYW
1,s9_t1_r2,fl,4,4.3064168,E1_SungYW
1,s9_t1_r2,fl,4,3.2039948,E1_SungYW
1,s1_t1_r2,in,3,4.5522302,E1_SungYW
1,s1_t1_r2,in,4,3.7531089,E1_SungYW
1,s1_t1_r2,in,4,3.6688363,E1_SungYW
1,s10_t1_r2,in,4,3.3087146,E1_SungYW
1,s10_t1_r2,in,5,2.8512907,E1_SungYW
1,s10_t1_r2,in,5,3.6233831,E1_SungYW
1,s2_t1_r2,in,6,4.2291708,E1_SungYW
1,s2_t1_r2,in,6,3.5041021,E1_SungYW
1,s2_t1_r2,in,6,3.2682848,E1_SungYW
1,s3_t1_r2,in,4,2.9613576,E1_SungYW
1,s3_t1_r2,in,5,2.8754973,E1_SungYW
1,s3_t1_r2,in,4,2.8832711,E1_SungYW
1,s4_t1_r2,in,5,3.0057373,E1_SungYW
1,s4_t1_r2,in,5,3.1486101,E1_SungYW
1,s4_t1_r2,in,5,3.190032,E1_SungYW
1,s5_t1_r2,in,4,8.4601281,E1_SungYW
1,s5_t1_r2,in,4,8.0661235,E1_SungYW
1,s5_t1_r2,in,5,7.8570651,E1_SungYW
1,s6_t1_r2,in,5,3.7984758,E1_SungYW
1,s6_t1_r2,in,5,3.6972986,E1_SungYW
1,s6_t1_r2,in,4,3.9792342,E1_SungYW
1,s7_t1_r2,in,5,3.7864035,E1_SungYW
1,s7_t1_r2,in,5,3.7434154,E1_SungYW
1,s7_t1_r2,in,4,3.0668935,E1_SungYW
1,s8_t1_r2,in,6,2.4899391,E1_SungYW
1,s8_t1_r2,in,6,2.7339133,E1_SungYW
1,s8_t1_r2,in,6,2.7137719,E1_SungYW
1,s9_t1_r2,in,6,3.3486706,E1_SungYW
1,s9_t1_r2,in,6,2.9330692,E1_SungYW
1,s9_t1_r2,in,6,2.8178052,E1_SungYW
1,s1_t1_r2,ac,5,-0.1277584,E1_YunYC
1,s1_t1_r2,ac,3,-0.1809235,E1_YunYC
1,s1_t1_r2,ac,6,-0.4185653,E1_YunYC
1,s10_t1_r2,ac,4,-0.0963191,E1_YunYC
1,s10_t1_r2,ac,3,2.8481775,E1_YunYC
1,s10_t1_r2,ac,4,0.0108101,E1_YunYC
1,s2_t1_r2,ac,4,-0.3365972,E1_YunYC
1,s2_t1_r2,ac,3,0.1923465,E1_YunYC
1,s2_t1_r2,ac,5,-0.2164494,E1_YunYC
1,s3_t1_r2,ac,4,-0.4189994,E1_YunYC
1,s3_t1_r2,ac,3,-0.3679301,E1_YunYC
1,s3_t1_r2,ac,3,-0.3781506,E1_YunYC
1,s4_t1_r2,ac,3,2.951425,E1_YunYC
1,s4_t1_r2,ac,2,-0.4183326,E1_YunYC
1,s4_t1_r2,ac,4,-0.2087486,E1_YunYC
1,s5_t1_r2,ac,1,-0.2233533,E1_YunYC
1,s5_t1_r2,ac,1,-0.4461861,E1_YunYC
1,s5_t1_r2,ac,1,-0.374706,E1_YunYC
1,s6_t1_r2,ac,2,-0.0481512,E1_YunYC
1,s6_t1_r2,ac,2,-0.3177159,E1_YunYC
1,s6_t1_r2,ac,4,0.0732583,E1_YunYC
1,s7_t1_r2,ac,3,-0.3777452,E1_YunYC
1,s7_t1_r2,ac,3,-0.1309513,E1_YunYC
1,s7_t1_r2,ac,4,-0.1982143,E1_YunYC
1,s8_t1_r2,ac,5,-0.2931322,E1_YunYC
1,s8_t1_r2,ac,4,-0.368707,E1_YunYC
1,s8_t1_r2,ac,5,0.1113783,E1_YunYC
1,s9_t1_r2,ac,3,-0.3111268,E1_YunYC
1,s9_t1_r2,ac,4,0.3247055,E1_YunYC
1,s9_t1_r2,ac,4,0.1111265,E1_YunYC
1,s1_t1_r2,comp,2,9.4264804,E1_YunYC
1,s1_t1_r2,comp,6,3.0729369,E1_YunYC
1,s1_t1_r2,comp,3,4.1518532,E1_YunYC
1,s10_t1_r2,comp,3,7.2379928,E1_YunYC
1,s10_t1_r2,comp,4,3.0235797,E1_YunYC
1,s10_t1_r2,comp,3,-0.0504642,E1_YunYC
1,s2_t1_r2,comp,6,-0.0384667,E1_YunYC
1,s2_t1_r2,comp,7,3.855523,E1_YunYC
1,s2_t1_r2,comp,2,2.1627734,E1_YunYC
1,s3_t1_r2,comp,3,1.0591301,E1_YunYC
1,s3_t1_r2,comp,2,2.8010269,E1_YunYC
1,s3_t1_r2,comp,3,10.2036718,E1_YunYC
1,s4_t1_r2,comp,1,7.0787275,E1_YunYC
1,s4_t1_r2,comp,4,2.9916331,E1_YunYC
1,s4_t1_r2,comp,2,-0.3904495,E1_YunYC
1,s5_t1_r2,comp,2,7.6788024,E1_YunYC
1,s5_t1_r2,comp,3,4.9144355,E1_YunYC
1,s5_t1_r2,comp,1,2.7446173,E1_YunYC
1,s6_t1_r2,comp,6,22.0793559,E1_YunYC
1,s6_t1_r2,comp,1,2.6727291,E1_YunYC
1,s6_t1_r2,comp,2,1.3924554,E1_YunYC
1,s7_t1_r2,comp,4,-0.1843373,E1_YunYC
1,s7_t1_r2,comp,4,3.0608749,E1_YunYC
1,s7_t1_r2,comp,2,1.7900547,E1_YunYC
1,s8_t1_r2,comp,6,2.9022279,E1_YunYC
1,s8_t1_r2,comp,4,3.0160511,E1_YunYC
1,s8_t1_r2,comp,7,2.9716101,E1_YunYC
1,s9_t1_r2,comp,5,0.7189878,E1_YunYC
1,s9_t1_r2,comp,5,6.1811495,E1_YunYC
1,s9_t1_r2,comp,4,-0.1844017,E1_YunYC
1,s1_t1_r2,fl,5,6.4712991,E1_YunYC
1,s1_t1_r2,fl,5,0.8425083,E1_YunYC
1,s1_t1_r2,fl,4,-0.3158433,E1_YunYC
1,s10_t1_r2,fl,4,4.8208818,E1_YunYC
1,s10_t1_r2,fl,4,3.0076894,E1_YunYC
1,s10_t1_r2,fl,4,2.911323,E1_YunYC
1,s2_t1_r2,fl,5,4.2315857,E1_YunYC
1,s2_t1_r2,fl,4,0.613074,E1_YunYC
1,s2_t1_r2,fl,6,2.2015247,E1_YunYC
1,s3_t1_r2,fl,3,1.8800749,E1_YunYC
1,s3_t1_r2,fl,3,-0.3376247,E1_YunYC
1,s3_t1_r2,fl,3,1.3908448,E1_YunYC
1,s4_t1_r2,fl,3,2.7618329,E1_YunYC
1,s4_t1_r2,fl,3,1.0115344,E1_YunYC
1,s4_t1_r2,fl,4,0.4576169,E1_YunYC
1,s5_t1_r2,fl,2,2.5242626,E1_YunYC
1,s5_t1_r2,fl,2,1.7240689,E1_YunYC
1,s5_t1_r2,fl,1,1.6943052,E1_YunYC
1,s6_t1_r2,fl,2,0.2253348,E1_YunYC
1,s6_t1_r2,fl,3,0.8723908,E1_YunYC
1,s6_t1_r2,fl,2,3.0225921,E1_YunYC
1,s7_t1_r2,fl,4,3.4527195,E1_YunYC
1,s7_t1_r2,fl,4,-0.253621,E1_YunYC
1,s7_t1_r2,fl,4,-0.3090921,E1_YunYC
1,s8_t1_r2,fl,5,9.7368249,E1_YunYC
1,s8_t1_r2,fl,5,2.3019015,E1_YunYC
1,s8_t1_r2,fl,5,0.1345738,E1_YunYC
1,s9_t1_r2,fl,4,0.363962,E1_YunYC
1,s9_t1_r2,fl,4,2.5816272,E1_YunYC
1,s9_t1_r2,fl,5,0.8286379,E1_YunYC
1,s1_t1_r2,in,4,3.5736475,E1_YunYC
1,s1_t1_r2,in,3,4.3993957,E1_YunYC
1,s1_t1_r2,in,3,0.1303357,E1_YunYC
1,s10_t1_r2,in,6,5.7255722,E1_YunYC
1,s10_t1_r2,in,5,5.0876726,E1_YunYC
1,s10_t1_r2,in,6,1.5004557,E1_YunYC
1,s2_t1_r2,in,3,8.2000883,E1_YunYC
1,s2_t1_r2,in,5,1.3909866,E1_YunYC
1,s2_t1_r2,in,5,-0.0605554,E1_YunYC
1,s3_t1_r2,in,3,0.1320148,E1_YunYC
1,s3_t1_r2,in,3,2.9019797,E1_YunYC
1,s3_t1_r2,in,2,0.4562845,E1_YunYC
1,s4_t1_r2,in,3,3.0619798,E1_YunYC
1,s4_t1_r2,in,2,2.9708772,E1_YunYC
1,s4_t1_r2,in,3,1.2323277,E1_YunYC
1,s5_t1_r2,in,1,2.0332052,E1_YunYC
1,s5_t1_r2,in,1,2.049947,E1_YunYC
1,s5_t1_r2,in,1,-0.1414709,E1_YunYC
1,s6_t1_r2,in,1,1.6120178,E1_YunYC
1,s6_t1_r2,in,1,1.8726332,E1_YunYC
1,s6_t1_r2,in,2,2.3274625,E1_YunYC
1,s7_t1_r2,in,3,3.1508453,E1_YunYC
1,s7_t1_r2,in,3,3.3839131,E1_YunYC
1,s7_t1_r2,in,3,1.2385882,E1_YunYC
1,s8_t1_r2,in,5,2.861992,E1_YunYC
1,s8_t1_r2,in,4,3.1595187,E1_YunYC
1,s8_t1_r2,in,5,0.8753588,E1_YunYC
1,s9_t1_r2,in,4,7.1290774,E1_YunYC
1,s9_t1_r2,in,5,2.8720303,E1_YunYC
1,s9_t1_r2,in,4,3.3013322,E1_YunYC